Status {_completed},id {_id},Language {_language},Created At {_created_at},Updated At {_updated_at},IP Address {_ip_address},Location {_locale},Username {_username},GET Variables {_get_variables},Referrer {_referrer},Number of Saves {_saves},Weighted Score {_weighted_score},Completion Time {_completion_time},Invite Code {_invite_code},Invite Email {_invite_email},Invite Name {_invite_name},Collector {_collector_id},[id] Participant ID {B1ms5bpqQf},[dmg.0] Demographics | Age {gPuS4d486V_0},[dmg.1] Demographics | Sex {gPuS4d486V_1},[dmg.2] Demographics | Handedness {gPuS4d486V_2},[dmg.3] Demographics | General computer expertise {gPuS4d486V_3},[dmg.4] Demographics | Area of study {gPuS4d486V_4},[how_often_you_play] How often do you play computer or video games? {bicGqNs6Q0},[gaming_system] What systems have you used? (Please check all that... {TSXWaCDLx7\0} [Xbox 360],[gaming_system] What systems have you used? (Please check all that... {TSXWaCDLx7\1} [Playstation 3],[gaming_system] What systems have you used? (Please check all that... {TSXWaCDLx7\2} [Playstation 2],[gaming_system] What systems have you used? (Please check all that... {TSXWaCDLx7\3} [Nintendo Wii],[gaming_system] What systems have you used? (Please check all that... {TSXWaCDLx7\4} [Computer],"[gaming_system] What systems have you used? (Please check all that... {TSXWaCDLx7\5} [Tablet (Apple, Android, Surface, etc)]","[gaming_system] What systems have you used? (Please check all that... {TSXWaCDLx7\6} [Smartphone (Apple, Android, Windows, etc)]","[gaming_system] What systems have you used? (Please check all that... {TSXWaCDLx7\7} [Dedicated mobile system (Sony PSP, Nintendo DS, etc)]","[gaming_system] What systems have you used? (Please check all that... {TSXWaCDLx7\8} [Other, please specify...]","[gaming_system] What systems have you used? (Please check all that... {TSXWaCDLx7\8\text} [Other, please specify...] [text]",[game_experience.0] Specify your game experie... | 2D shooting gallery games {iyy9iTaTRb_0},"[game_experience.1] Specify your game experie... | 3D shooting games (e.g., first-person shooters) {iyy9iTaTRb_1}",[game_experience.2] Specify your game experie... | Using mouse in games {iyy9iTaTRb_2},[game_experience.3] Specify your game experie... | Using touchscreens in games {iyy9iTaTRb_3},[play_style] Which mode of playing do you prefer? {SlgKbDSGun},[experience_rate.0] Rate each of these videog... | Exploring to see what you can find. {q29ebuLdHK_0},[experience_rate.1] Rate each of these videog... | Frantically escaping from a terrifying foe. {q29ebuLdHK_1},[experience_rate.2] Rate each of these videog... | Working out how to crack a challenging puzzle. {q29ebuLdHK_2},[experience_rate.3] Rate each of these videog... | The struggle to defeat a difficult boss. {q29ebuLdHK_3},"[experience_rate.4] Rate each of these videog... | Playing in a group, online, or in the same room. {q29ebuLdHK_4}",[experience_rate.5] Rate each of these videog... | Responding quickly to an exciting situation. {q29ebuLdHK_5},[experience_rate.6] Rate each of these videog... | Picking up every single collectible in an area. {q29ebuLdHK_6},[experience_rate.7] Rate each of these videog... | Looking around just to enjoy the scenery. {q29ebuLdHK_7},[experience_rate.8] Rate each of these videog... | Being in control at high speed. {q29ebuLdHK_8},[experience_rate.9] Rate each of these videog... | Devising a promising strategy when deciding what t... {q29ebuLdHK_9},[experience_rate.10] Rate each of these videog... | Feeling relief when you escape to a safe area. {q29ebuLdHK_10},[experience_rate.11] Rate each of these videog... | Taking on a strong opponent when playing against a... {q29ebuLdHK_11},"[experience_rate.12] Rate each of these videog... | Talking with other players, online or in the same ... {q29ebuLdHK_12}",[experience_rate.13] Rate each of these videog... | Finding what you need to complete a collection. {q29ebuLdHK_13},[experience_rate.14] Rate each of these videog... | Hanging from a high ledge. {q29ebuLdHK_14},[experience_rate.15] Rate each of these videog... | Wondering what's behind a locked door. {q29ebuLdHK_15},"[experience_rate.16] Rate each of these videog... | Feeling scared, terrified, or disturbed. {q29ebuLdHK_16}",[experience_rate.17] Rate each of these videog... | Working out what to do on your own. {q29ebuLdHK_17},[experience_rate.18] Rate each of these videog... | Completing a punishing challenge after failing man... {q29ebuLdHK_18},[experience_rate.19] Rate each of these videog... | Cooperating with strangers. {q29ebuLdHK_19},[experience_rate.20] Rate each of these videog... | Getting 100% (completing everything in a game). {q29ebuLdHK_20},[preferance_rating.0] Rate the following statem... | A moment of jaw-dropping wonder or beauty. {f3Gr1eC6Gs_0},[preferance_rating.1] Rate the following statem... | An experience of primeval terror that blows your m... {f3Gr1eC6Gs_1},[preferance_rating.2] Rate the following statem... | A moment of breathtaking speed or vertigo. {f3Gr1eC6Gs_2},[preferance_rating.3] Rate the following statem... | The moment when the solution to a difficult puzzle... {f3Gr1eC6Gs_3},[preferance_rating.4] Rate the following statem... | A moment of hard-fought victory. {f3Gr1eC6Gs_4},[preferance_rating.5] Rate the following statem... | A moment when you feel an intense sense of unity w... {f3Gr1eC6Gs_5},[preferance_rating.6] Rate the following statem... | A moment of completeness that you have strived for... {f3Gr1eC6Gs_6},[condition] Condition {O51oPg7cVp},[comment] What particular changes did you notice in the game... {u1qcGHqETE},[sama] Self-Assessment-Manikin Arousal Scales {L1n5tJRodC},[samv] Self-Assessment-Manikin Valence Scales {AgAFahvk2S},[samd] Self-Assessment-Manikin Dominance Scales {RNXIgvonUi},[imi.0] Intrinsic Motivation Inve... | I enjoyed the game very much {qJ7p087llp_0},[imi.1] Intrinsic Motivation Inve... | I put a lot of effort into this game {qJ7p087llp_1},[imi.2] Intrinsic Motivation Inve... | It was important to me to do well at this game {qJ7p087llp_2},[imi.3] Intrinsic Motivation Inve... | I felt tense while playing the game {qJ7p087llp_3},[imi.4] Intrinsic Motivation Inve... | I tried very hard while playing the game {qJ7p087llp_4},[imi.5] Intrinsic Motivation Inve... | Playing the game was fun {qJ7p087llp_5},[imi.6] Intrinsic Motivation Inve... | I would describe this game as very interesting {qJ7p087llp_6},[imi.7] Intrinsic Motivation Inve... | I felt pressured while playing {qJ7p087llp_7},[imi.8] Intrinsic Motivation Inve... | I was anxious while playing the game {qJ7p087llp_8},[imi.9] Intrinsic Motivation Inve... | I didnâ€™t try very hard at playing {qJ7p087llp_9},"[imi.10] Intrinsic Motivation Inve... | While playing, I was thinking about how much I enj... {qJ7p087llp_10}",[imi.11] Intrinsic Motivation Inve... | I was very relaxed while playing {qJ7p087llp_11},[imi.12] Intrinsic Motivation Inve... | This game did not hold my attention {qJ7p087llp_12},[pens.0] Player Experience of Need... | I felt competent at the game {ycZM8503IW_0},"[pens.1] Player Experience of Need... | When playing the game, I felt transported to anoth... {ycZM8503IW_1}",[pens.2] Player Experience of Need... | The game provides me with interesting options and ... {ycZM8503IW_2},[pens.3] Player Experience of Need... | Exploring the game world felt like taking an actua... {ycZM8503IW_3},[pens.4] Player Experience of Need... | I found the relationships I form in this game impo... {ycZM8503IW_4},[pens.5] Player Experience of Need... | When moving through the game world I felt as if I ... {ycZM8503IW_5},[pens.6] Player Experience of Need... | Learning the game controls was easy {ycZM8503IW_6},[pens.7] Player Experience of Need... | I was not impacted emotionally by events in the ga... {ycZM8503IW_7},[pens.8] Player Experience of Need... | I felt very capable and effective when playing {ycZM8503IW_8},[pens.9] Player Experience of Need... | The game was emotionally engaging {ycZM8503IW_9},[pens.10] Player Experience of Need... | The game lets you do interesting things {ycZM8503IW_10},[pens.11] Player Experience of Need... | I experienced feelings as deeply in the game as I ... {ycZM8503IW_11},[pens.12] Player Experience of Need... | I found the relationships in this game important {ycZM8503IW_12},[pens.13] Player Experience of Need... | When playing the game I felt as if I was part of t... {ycZM8503IW_13},[pens.14] Player Experience of Need... | The game controls are intuitive {ycZM8503IW_14},[pens.15] Player Experience of Need... | When I accomplished something in the game I experi... {ycZM8503IW_15},[pens.16] Player Experience of Need... | My ability to play the game was well matched with ... {ycZM8503IW_16},[pens.17] Player Experience of Need... | I had reactions to events and characters in the ga... {ycZM8503IW_17},[pens.18] Player Experience of Need... | I experienced a lot of freedom in the game {ycZM8503IW_18},[pens.19] Player Experience of Need... | I didn't feel close to other players {ycZM8503IW_19},"[pens.20] Player Experience of Need... | When I wanted to do something in the game, it was ... {ycZM8503IW_20}",[ceq.0] Game Engagement Questionn... | I lost track of time {NdiWFXfSUN_0},[ceq.1] Game Engagement Questionn... | Things seemed to happen automatically {NdiWFXfSUN_1},[ceq.2] Game Engagement Questionn... | I felt different {NdiWFXfSUN_2},[ceq.3] Game Engagement Questionn... | I felt scared {NdiWFXfSUN_3},[ceq.4] Game Engagement Questionn... | The game feels real {NdiWFXfSUN_4},"[ceq.5] Game Engagement Questionn... | If someone was talking to me, I couldn't hear them {NdiWFXfSUN_5}",[ceq.6] Game Engagement Questionn... | I got wound up {NdiWFXfSUN_6},[ceq.7] Game Engagement Questionn... | Time seemed to be kind of standed still or stoped {NdiWFXfSUN_7},"[ceq.8] Game Engagement Questionn... | I felt spaced out while I was playing, sometimes. {NdiWFXfSUN_8}",[ceq.9] Game Engagement Questionn... | I couldn't answer when someone talked to me {NdiWFXfSUN_9},[ceq.10] Game Engagement Questionn... | I couldn't tell that I'm getting tired {NdiWFXfSUN_10},[ceq.11] Game Engagement Questionn... | Playing seemed automatic {NdiWFXfSUN_11},[ceq.12] Game Engagement Questionn... | My thoughts went fast {NdiWFXfSUN_12},[ceq.13] Game Engagement Questionn... | I lost track of where I was {NdiWFXfSUN_13},[ceq.14] Game Engagement Questionn... | I played without thinking about how to play {NdiWFXfSUN_14},[ceq.15] Game Engagement Questionn... | Playing made me feel calm {NdiWFXfSUN_15},[ceq.16] Game Engagement Questionn... | I played longer than I meant to {NdiWFXfSUN_16},[ceq.17] Game Engagement Questionn... | I really got into the game {NdiWFXfSUN_17},[ceq.18] Game Engagement Questionn... | I felt like I just couldn't stop playing {NdiWFXfSUN_18}
Complete,5166844,en,2013/06/06 1:59:49 AM,2013/06/06 3:34:10 AM,128.233.63.211,Canada,,t=panasonly,http://fluidsurveys.usask.ca/s/faham/questionnaires/?t=panasonly,,45.0,00:00:16,,,,,,,,,,,,,,,,,,,,,,,,,,,,,,,,,,,,,,,,,,,,,,,,,,,,,,,,,,,,,,,,,,,,,,,,,,,,,,,,,,,,,,,,,,,,,,,,,,,,,,,,,,,,,,,,
Complete,5166891,en,2013/06/06 2:16:15 AM,2013/06/06 3:34:58 AM,128.233.63.211,Canada,,,http://fluidsurveys.usask.ca/s/faham/questionnaires/,,172.0,00:03:40,,,,,,,,,,,,,,,,,,,,,,,,,,,,,,,,,,,,,,,,,,,,,,,,,,,,,,,,,,,,,,,,,,,,,,,,,agree,neutral,disagree,neutral,disagree,agree,agree,disagree,agree,agree,neutral,neutral,strongly disagree,disagree,agree,neutral,neutral,neutral,disagree,agree,agree,Yes,Yes,Sort of,Sort of,Sort of,Sort of,Sort of,Sort of,Sort of,Yes,Yes,Yes,Yes,Yes,Yes,No,Sort of,Yes,Yes
Complete,5166916,en,2013/06/06 2:23:28 AM,2013/06/06 3:35:19 AM,128.233.63.211,Canada,,,http://fluidsurveys.usask.ca/s/faham/questionnaires/,,132.0,00:02:40,,,,,,,,,,,,,,,,,,,,,,,,,,,,,,,,,,,,,,,,,,,,,,,,,,,,,,,,,,,,,,,,,,,,,,,,,neutral,neutral,disagree,disagree,strongly disagree,neutral,disagree,strongly disagree,disagree,neutral,disagree,disagree,strongly disagree,disagree,agree,disagree,disagree,neutral,disagree,strongly disagree,neutral,Yes,Yes,No,No,Sort of,No,Sort of,No,Sort of,Sort of,No,Yes,Sort of,No,No,No,No,No,No
Complete,5166942,en,2013/06/06 2:33:21 AM,2013/06/06 3:35:31 AM,128.233.63.211,Canada,,,http://fluidsurveys.usask.ca/s/faham/questionnaires/,,179.0,00:02:18,,,,,,,,,,,,,,,,,,,,,,,,,,,,,,,,,,,,,,,,,,,,,,,,,,,,,,,,,,,,,,,,,,,,,,,,,agree,agree,neutral,agree,strongly disagree,neutral,agree,disagree,agree,agree,neutral,agree,strongly disagree,disagree,agree,agree,agree,agree,agree,agree,agree,Yes,Yes,Yes,No,Yes,No,Yes,Sort of,Yes,No,Sort of,Yes,Yes,No,Yes,Sort of,Yes,Yes,Yes
Complete,5194042,en,2013/06/07 11:20:11 PM,2013/06/07 11:27:52 PM,128.233.13.122,Canada,,c=start,http://fluidsurveys.usask.ca/s/faham/questionnaires/?c=start,,135.0,00:07:40,,,,,2,27,Male,Right handedness,Advanced,Computer Science,a few times per month,1,1,,,1,1,1,1,,,,,I'm an expert,,Single player alone,I like it,I love it,I love it,I love it,It's okay,I love it,I dislike it,It's okay,I love it,I like it,I love it,I dislike it,I love it,I love it,I love it,I love it,I love it,I love it,I hate it,I dislike it,I like it,4,6,5,7,3,1,2,,,,,,,,,,,,,,,,,,,,,,,,,,,,,,,,,,,,,,,,,,,,,,,,,,,,,,,,,,
Complete,5194093,en,2013/06/07 11:34:06 PM,2013/06/07 11:42:14 PM,128.233.13.122,Canada,,c=inbetween,http://fluidsurveys.usask.ca/s/faham/questionnaires/?c=inbetween,,162.0,00:08:07,,,,,2,,,,,,,,,,,,,,,,,,,,,,,,,,,,,,,,,,,,,,,,,,,,,,,,,,1,,,,,strongly agree,neutral,strongly agree,agree,agree,agree,agree,neutral,disagree,disagree,agree,disagree,strongly disagree,agree,agree,disagree,strongly agree,disagree,agree,strongly agree,strongly disagree,agree,neutral,neutral,agree,disagree,neutral,agree,neutral,strongly agree,agree,disagree,neutral,strongly agree,Yes,No,Yes,No,Yes,Sort of,No,No,No,Sort of,Yes,No,Yes,Yes,No,No,No,Sort of,Yes
Complete,5194125,en,2013/06/07 11:47:51 PM,2013/06/07 11:55:07 PM,128.233.13.122,Canada,,c=inbetween,http://fluidsurveys.usask.ca/s/faham/questionnaires/?c=inbetween,,182.0,00:07:15,,,,,2,,,,,,,,,,,,,,,,,,,,,,,,,,,,,,,,,,,,,,,,,,,,,,,,,,2,I somehow felt that zombies are dying faster than the first trial.,,,,agree,agree,strongly agree,agree,agree,agree,agree,agree,agree,agree,neutral,disagree,strongly disagree,agree,agree,disagree,agree,neutral,agree,strongly agree,strongly disagree,agree,agree,disagree,agree,neutral,neutral,strongly agree,agree,strongly agree,strongly agree,neutral,neutral,strongly agree,Yes,Sort of,Yes,Sort of,Sort of,Sort of,No,Sort of,Sort of,Sort of,Yes,Yes,Yes,Yes,Yes,No,Sort of,Yes,Yes
Complete,5194156,en,2013/06/08 12:00:24 AM,2013/06/08 12:08:54 AM,128.233.13.122,Canada,,c=inbetween,http://fluidsurveys.usask.ca/s/faham/questionnaires/?c=inbetween,,178.0,00:08:27,,,,,2,,,,,,,,,,,,,,,,,,,,,,,,,,,,,,,,,,,,,,,,,,,,,,,,,,3,I'm not sure but I think  that Zombies were moving faster OR somehow it was harder to kill 'em.,,,,agree,strongly agree,strongly agree,agree,agree,agree,neutral,agree,agree,strongly disagree,strongly agree,strongly disagree,strongly disagree,agree,agree,strongly disagree,agree,neutral,agree,strongly agree,strongly disagree,agree,agree,agree,agree,neutral,neutral,agree,agree,strongly agree,agree,disagree,neutral,strongly agree,Sort of,Yes,Yes,Sort of,Yes,Sort of,No,Sort of,Sort of,Sort of,Sort of,Yes,Yes,Sort of,Sort of,No,Yes,Yes,Sort of
Complete,5194240,en,2013/06/08 12:19:50 AM,2013/06/08 12:27:41 AM,128.233.13.122,Canada,,c=inbetween,http://fluidsurveys.usask.ca/s/faham/questionnaires/?c=inbetween,,195.0,00:07:48,,,,,2,,,,,,,,,,,,,,,,,,,,,,,,,,,,,,,,,,,,,,,,,,,,,,,,,,4,I think the amount of fog was sort of related to my performance and sometime it made the game play harder for me!,,,,agree,strongly agree,strongly agree,strongly agree,strongly agree,agree,agree,strongly agree,strongly agree,strongly disagree,neutral,strongly disagree,strongly disagree,agree,strongly agree,neutral,agree,neutral,agree,strongly agree,strongly disagree,strongly agree,strongly agree,neutral,strongly agree,neutral,agree,strongly agree,agree,strongly agree,agree,neutral,neutral,strongly agree,Yes,Yes,Yes,Sort of,Yes,Yes,No,Sort of,Sort of,Yes,Yes,Sort of,Yes,Yes,No,No,Yes,Yes,Yes
Complete,5245006,en,2013/06/11 8:49:41 PM,2013/06/11 8:55:37 PM,128.233.4.254,Canada,,c=start,http://fluidsurveys.usask.ca/s/faham/questionnaires/?c=start,,134.0,00:05:55,,,,,3,20,Male,Left handedness,Intermediate,Computer Science,a few times per week,1,1,1,1,1,,1,1,,,,,,,Multiplayer in the same room,I like it,It's okay,I love it,I like it,I love it,I like it,It's okay,I dislike it,I like it,I like it,I love it,I like it,It's okay,It's okay,I like it,It's okay,I like it,I like it,I love it,I dislike it,I like it,1,6,2,7,5,3,4,,,,,,,,,,,,,,,,,,,,,,,,,,,,,,,,,,,,,,,,,,,,,,,,,,,,,,,,,,
Complete,5245371,en,2013/06/11 9:06:20 PM,2013/06/11 9:14:57 PM,128.233.4.254,Canada,,c=inbetween,http://fluidsurveys.usask.ca/s/faham/questionnaires/?c=inbetween,,164.0,00:08:34,,,,,3,,,,,,,,,,,,,,,,,,,,,,,,,,,,,,,,,,,,,,,,,,,,,,,,,,2,"During gameplay, I started moving a lot faster at one point.  It made it harder to aim but easier to run away from enemies.  At the end I started moving slower and died.  Otherwise I didn't notice much",,,,strongly agree,strongly agree,neutral,strongly agree,strongly agree,strongly agree,strongly agree,neutral,strongly agree,disagree,neutral,disagree,strongly disagree,neutral,agree,agree,disagree,strongly disagree,agree,agree,disagree,neutral,neutral,agree,disagree,disagree,disagree,agree,neutral,agree,disagree,disagree,agree,agree,Yes,No,Sort of,Sort of,Sort of,Sort of,Yes,Sort of,Sort of,Sort of,Yes,Yes,Yes,Sort of,Yes,No,No,Sort of,Sort of
Complete,5245597,en,2013/06/11 9:20:01 PM,2013/06/11 9:25:00 PM,128.233.4.254,Canada,,c=inbetween,http://fluidsurveys.usask.ca/s/faham/questionnaires/?c=inbetween,,171.0,00:04:57,,,,,3,,,,,,,,,,,,,,,,,,,,,,,,,,,,,,,,,,,,,,,,,,,,,,,,,,3,I didn't notice any changes to the gameplay.,,,,strongly agree,strongly agree,strongly agree,strongly agree,strongly agree,strongly agree,strongly agree,neutral,strongly agree,disagree,strongly agree,disagree,disagree,neutral,disagree,agree,disagree,strongly disagree,neutral,agree,neutral,neutral,agree,agree,disagree,disagree,disagree,agree,neutral,agree,neutral,neutral,agree,agree,Sort of,Yes,Sort of,Sort of,Sort of,Sort of,Yes,Sort of,No,Sort of,No,Yes,Yes,Yes,Yes,No,No,Yes,Sort of
Complete,5245827,en,2013/06/11 9:35:19 PM,2013/06/11 9:39:51 PM,128.233.4.254,Canada,,c=inbetween,http://fluidsurveys.usask.ca/s/faham/questionnaires/?c=inbetween,,188.0,00:04:29,,,,,3,,,,,,,,,,,,,,,,,,,,,,,,,,,,,,,,,,,,,,,,,,,,,,,,,,4,I think there was more fog in the game at some points than others.,,,,strongly agree,strongly agree,strongly agree,strongly agree,strongly agree,strongly agree,strongly agree,strongly agree,strongly agree,disagree,neutral,neutral,strongly disagree,agree,agree,agree,agree,disagree,neutral,agree,disagree,agree,agree,agree,agree,disagree,neutral,agree,agree,agree,disagree,neutral,strongly agree,agree,Sort of,Yes,Yes,No,Sort of,Sort of,Sort of,Yes,Sort of,Sort of,Sort of,Yes,Yes,Yes,Yes,Sort of,Sort of,Yes,Yes
Complete,5245950,en,2013/06/11 9:45:48 PM,2013/06/11 9:50:36 PM,128.233.4.254,Canada,,c=inbetween,http://fluidsurveys.usask.ca/s/faham/questionnaires/?c=inbetween,,159.0,00:04:46,,,,,3,,,,,,,,,,,,,,,,,,,,,,,,,,,,,,,,,,,,,,,,,,,,,,,,,,1,I didn't really notice much.,,,,strongly agree,strongly agree,strongly agree,neutral,neutral,strongly agree,strongly agree,neutral,neutral,disagree,neutral,neutral,disagree,agree,neutral,neutral,neutral,disagree,neutral,agree,neutral,agree,neutral,agree,neutral,disagree,disagree,agree,neutral,agree,neutral,disagree,agree,agree,Sort of,Yes,Sort of,No,Sort of,No,No,Sort of,Sort of,No,Sort of,Yes,Sort of,No,Yes,Sort of,No,Sort of,Yes
Complete,5257261,en,2013/06/12 7:16:30 PM,2013/06/12 7:20:16 PM,128.233.4.254,Canada,,c=start,http://fluidsurveys.usask.ca/s/faham/questionnaires/?c=start,,120.0,00:03:45,,,,,4,20,Male,Right handedness,Advanced,Computer Science,a few times per week,1,,,1,1,,,1,,,,,I'm an expert,,Single player alone,I love it,I like it,I love it,It's okay,I like it,I like it,I like it,I love it,I love it,I love it,It's okay,I dislike it,I like it,I like it,I dislike it,It's okay,It's okay,I love it,I like it,It's okay,I like it,7,1,3,6,5,2,4,,,,,,,,,,,,,,,,,,,,,,,,,,,,,,,,,,,,,,,,,,,,,,,,,,,,,,,,,,
Complete,5257363,en,2013/06/12 7:26:33 PM,2013/06/12 7:30:04 PM,128.233.4.254,Canada,,c=inbetween,http://fluidsurveys.usask.ca/s/faham/questionnaires/?c=inbetween,,139.0,00:03:28,,,,,4,,,,,,,,,,,,,,,,,,,,,,,,,,,,,,,,,,,,,,,,,,,,,,,,,,3,don't know,,,,neutral,neutral,agree,disagree,neutral,agree,disagree,disagree,disagree,strongly disagree,neutral,agree,disagree,strongly agree,strongly disagree,disagree,strongly disagree,strongly disagree,disagree,strongly agree,strongly agree,agree,disagree,disagree,strongly disagree,strongly disagree,strongly disagree,strongly agree,agree,disagree,neutral,disagree,strongly agree,strongly agree,Sort of,Sort of,No,No,No,No,No,No,No,No,Sort of,Yes,Sort of,Sort of,Yes,Sort of,Sort of,Yes,Sort of
Complete,5257455,en,2013/06/12 7:35:23 PM,2013/06/12 7:38:17 PM,128.233.4.254,Canada,,c=inbetween,http://fluidsurveys.usask.ca/s/faham/questionnaires/?c=inbetween,,147.0,00:02:52,,,,,4,,,,,,,,,,,,,,,,,,,,,,,,,,,,,,,,,,,,,,,,,,,,,,,,,,4,don't know,,,,agree,agree,agree,agree,agree,agree,disagree,agree,disagree,disagree,disagree,disagree,neutral,strongly agree,neutral,neutral,disagree,strongly disagree,neutral,strongly agree,agree,agree,strongly disagree,neutral,strongly disagree,strongly disagree,strongly disagree,strongly agree,agree,neutral,strongly disagree,disagree,strongly agree,strongly agree,Sort of,Sort of,No,No,No,No,Sort of,No,No,No,Sort of,Sort of,Sort of,No,Sort of,Sort of,No,Yes,Sort of
Complete,5257575,en,2013/06/12 7:45:03 PM,2013/06/12 7:47:34 PM,128.233.4.254,Canada,,c=inbetween,http://fluidsurveys.usask.ca/s/faham/questionnaires/?c=inbetween,,140.0,00:02:30,,,,,4,,,,,,,,,,,,,,,,,,,,,,,,,,,,,,,,,,,,,,,,,,,,,,,,,,1,don't know,,,,agree,agree,agree,agree,agree,agree,disagree,agree,neutral,disagree,disagree,disagree,disagree,agree,disagree,disagree,disagree,strongly disagree,disagree,strongly agree,agree,agree,disagree,disagree,strongly disagree,strongly disagree,strongly disagree,strongly agree,agree,neutral,disagree,disagree,strongly agree,strongly agree,Sort of,Sort of,Sort of,No,No,Sort of,Sort of,No,No,Sort of,Sort of,Sort of,No,No,Sort of,No,No,Yes,No
Complete,5257699,en,2013/06/12 7:55:00 PM,2013/06/12 7:57:51 PM,128.233.4.254,Canada,,c=inbetween,http://fluidsurveys.usask.ca/s/faham/questionnaires/?c=inbetween,,150.0,00:02:48,,,,,4,,,,,,,,,,,,,,,,,,,,,,,,,,,,,,,,,,,,,,,,,,,,,,,,,,2,extreme speed changes\n\nI performed better when I was faster,,,,agree,strongly agree,agree,agree,strongly agree,strongly agree,disagree,strongly agree,disagree,strongly disagree,disagree,strongly disagree,strongly disagree,strongly agree,disagree,disagree,disagree,strongly disagree,disagree,strongly agree,agree,strongly agree,disagree,disagree,disagree,strongly disagree,disagree,strongly agree,agree,agree,disagree,neutral,strongly agree,strongly agree,Sort of,Sort of,Sort of,No,No,Sort of,Sort of,No,No,Sort of,Sort of,Yes,Sort of,No,Sort of,No,No,Yes,Sort of
Complete,5258215,en,2013/06/12 8:43:51 PM,2013/06/12 8:52:58 PM,128.233.4.254,Canada,,c=start,http://fluidsurveys.usask.ca/s/faham/questionnaires/?c=start,,130.0,00:09:05,,,,,5,25,Female,Right handedness,Intermediate,hci,a few times per month,,,,,1,1,1,,,,,I've never done that,,,Single player alone,I dislike it,It's okay,It's okay,I like it,I love it,I like it,I like it,I like it,I love it,I like it,I love it,I dislike it,I dislike it,I hate it,It's okay,I love it,I hate it,I hate it,I like it,I love it,I love it,6,1,2,3,7,5,6,,,,,,,,,,,,,,,,,,,,,,,,,,,,,,,,,,,,,,,,,,,,,,,,,,,,,,,,,,
Complete,5258501,en,2013/06/12 9:18:37 PM,2013/06/12 9:24:46 PM,128.233.4.254,Canada,,c=inbetween,http://fluidsurveys.usask.ca/s/faham/questionnaires/?c=inbetween,,180.0,00:06:07,,,,,5,,,,,,,,,,,,,,,,,,,,,,,,,,,,,,,,,,,,,,,,,,,,,,,,,,4,I did not notice any changes,,,,neutral,strongly agree,agree,strongly agree,agree,agree,agree,agree,agree,strongly disagree,disagree,strongly disagree,agree,agree,strongly agree,strongly agree,agree,neutral,strongly agree,neutral,disagree,agree,agree,agree,disagree,disagree,agree,disagree,agree,disagree,strongly agree,neutral,strongly agree,neutral,Yes,Yes,Sort of,Sort of,Yes,Yes,Sort of,Yes,Sort of,Yes,No,Yes,Yes,No,Yes,Sort of,Yes,Yes,Yes
Complete,5258554,en,2013/06/12 9:28:29 PM,2013/06/12 9:36:12 PM,128.233.4.254,Canada,,c=inbetween,http://fluidsurveys.usask.ca/s/faham/questionnaires/?c=inbetween,,181.0,00:07:41,,,,,5,,,,,,,,,,,,,,,,,,,,,,,,,,,,,,,,,,,,,,,,,,,,,,,,,,1,"yes, lots of small ugly things jump on the screen and I was quite scared sometime and consistently shoot them ",,,,strongly agree,agree,neutral,agree,strongly agree,agree,strongly agree,agree,agree,disagree,disagree,strongly disagree,disagree,strongly agree,agree,agree,strongly agree,agree,agree,neutral,disagree,agree,agree,agree,disagree,disagree,strongly agree,neutral,strongly agree,disagree,agree,neutral,agree,agree,Yes,Yes,Yes,Sort of,Yes,Yes,No,Yes,Sort of,Yes,Yes,Yes,Sort of,Sort of,Sort of,No,Sort of,Yes,Yes
Complete,5258701,en,2013/06/12 9:52:16 PM,2013/06/12 9:56:40 PM,128.233.4.254,Canada,,c=inbetween,http://fluidsurveys.usask.ca/s/faham/questionnaires/?c=inbetween,,183.0,00:04:22,,,,,5,,,,,,,,,,,,,,,,,,,,,,,,,,,,,,,,,,,,,,,,,,,,,,,,,,2,"yes, the little monsters seemed less and zumbes seemed appear in a group",,,,agree,neutral,neutral,agree,agree,agree,strongly agree,agree,agree,disagree,disagree,disagree,disagree,strongly agree,strongly agree,strongly agree,agree,agree,agree,neutral,disagree,disagree,agree,agree,neutral,neutral,strongly agree,neutral,strongly agree,neutral,agree,agree,disagree,neutral,Sort of,Sort of,Yes,Sort of,Yes,Yes,Sort of,Yes,Sort of,Yes,Yes,Yes,Yes,Yes,Yes,No,Yes,Yes,Yes
Complete,5258798,en,2013/06/12 10:02:33 PM,2013/06/12 10:07:00 PM,128.233.4.254,Canada,,c=inbetween,http://fluidsurveys.usask.ca/s/faham/questionnaires/?c=inbetween,,184.0,00:04:25,,,,,5,,,,,,,,,,,,,,,,,,,,,,,,,,,,,,,,,,,,,,,,,,,,,,,,,,3,"no, did not notice any changes",,,,agree,agree,neutral,strongly agree,agree,agree,strongly agree,neutral,strongly agree,disagree,disagree,disagree,strongly disagree,strongly agree,neutral,agree,agree,agree,agree,neutral,disagree,neutral,neutral,agree,agree,agree,agree,neutral,strongly agree,disagree,agree,neutral,strongly agree,neutral,Yes,Yes,Sort of,Sort of,Yes,Yes,No,No,Yes,Yes,Yes,Sort of,Yes,Yes,Yes,Yes,Yes,Sort of,Yes
Complete,5258867,en,2013/06/12 10:12:16 PM,2013/06/12 10:17:28 PM,128.233.4.254,Canada,,c=start,http://fluidsurveys.usask.ca/s/faham/questionnaires/?c=start,,137.0,00:05:11,,,,,6,19,Male,Right handedness,Advanced,Computer Science,every day,1,1,1,1,1,1,1,1,,,,I've never done that,,I'm an expert,Multiplayer over the Internet,It's okay,I dislike it,I like it,It's okay,I love it,I like it,I love it,I like it,I like it,I like it,I like it,I love it,I love it,I love it,I dislike it,It's okay,It's okay,I love it,It's okay,I like it,I love it,4,7,6,2,5,3,1,,,,,,,,,,,,,,,,,,,,,,,,,,,,,,,,,,,,,,,,,,,,,,,,,,,,,,,,,,
Complete,5258949,en,2013/06/12 10:26:49 PM,2013/06/12 10:30:25 PM,128.233.4.254,Canada,,c=inbetween,http://fluidsurveys.usask.ca/s/faham/questionnaires/?c=inbetween,,130.0,00:03:34,,,,,6,,,,,,,,,,,,,,,,,,,,,,,,,,,,,,,,,,,,,,,,,,,,,,,,,,1,,,,,disagree,agree,agree,agree,agree,disagree,disagree,strongly agree,strongly agree,disagree,strongly disagree,strongly disagree,neutral,strongly disagree,neutral,neutral,disagree,strongly disagree,neutral,neutral,disagree,strongly disagree,neutral,strongly disagree,agree,strongly disagree,neutral,neutral,neutral,strongly disagree,disagree,agree,strongly agree,neutral,No,No,Yes,Yes,Sort of,Yes,Yes,No,No,No,No,No,Yes,No,Sort of,No,No,Sort of,No
Complete,5259022,en,2013/06/12 10:41:09 PM,2013/06/12 10:45:00 PM,128.233.4.254,Canada,,c=inbetween,http://fluidsurveys.usask.ca/s/faham/questionnaires/?c=inbetween,,119.0,00:03:49,,,,,6,,,,,,,,,,,,,,,,,,,,,,,,,,,,,,,,,,,,,,,,,,,,,,,,,,2,"THe only change I seemed to notice was that I understood the game a little better, so perhaps that made it a little easier, and there were maybe more zombies.",,,,strongly disagree,agree,agree,strongly agree,agree,strongly disagree,strongly disagree,agree,strongly agree,disagree,strongly disagree,strongly disagree,neutral,disagree,strongly disagree,strongly disagree,disagree,strongly disagree,disagree,neutral,strongly disagree,strongly disagree,strongly disagree,strongly disagree,neutral,strongly disagree,disagree,strongly disagree,neutral,disagree,agree,disagree,strongly agree,neutral,No,No,Yes,Yes,No,No,Yes,No,Sort of,No,No,No,Yes,No,No,No,No,No,No
Complete,5259117,en,2013/06/12 10:56:41 PM,2013/06/12 11:00:33 PM,128.233.4.254,Canada,,c=inbetween,http://fluidsurveys.usask.ca/s/faham/questionnaires/?c=inbetween,,118.0,00:03:50,,,,,6,,,,,,,,,,,,,,,,,,,,,,,,,,,,,,,,,,,,,,,,,,,,,,,,,,3,"Zombies seemed to get fast, and more of the smaller enemies appeared",,,,strongly disagree,agree,agree,strongly agree,neutral,strongly disagree,strongly disagree,neutral,strongly agree,disagree,strongly disagree,strongly disagree,neutral,disagree,strongly disagree,strongly disagree,strongly disagree,strongly disagree,disagree,neutral,strongly disagree,disagree,strongly disagree,strongly disagree,neutral,strongly disagree,strongly disagree,disagree,strongly disagree,strongly disagree,neutral,neutral,strongly agree,agree,No,No,Yes,Yes,Sort of,No,Yes,No,Sort of,No,No,No,Yes,No,No,No,No,Sort of,No
Complete,5259201,en,2013/06/12 11:14:08 PM,2013/06/12 11:17:32 PM,128.233.4.254,Canada,,c=inbetween,http://fluidsurveys.usask.ca/s/faham/questionnaires/?c=inbetween,,117.0,00:03:21,,,,,6,,,,,,,,,,,,,,,,,,,,,,,,,,,,,,,,,,,,,,,,,,,,,,,,,,4,The zombies didn't seem to get as fast as they did before,,,,strongly disagree,agree,agree,neutral,neutral,strongly disagree,strongly disagree,strongly agree,neutral,disagree,strongly disagree,neutral,strongly agree,neutral,strongly disagree,strongly disagree,strongly disagree,strongly disagree,strongly disagree,agree,neutral,neutral,strongly disagree,strongly disagree,neutral,strongly disagree,strongly disagree,neutral,disagree,disagree,strongly disagree,disagree,strongly agree,agree,No,No,Yes,No,No,No,Yes,No,Yes,No,No,No,Sort of,No,Sort of,No,No,No,No
Complete,5594310,en,2013/07/11 3:11:39 PM,2013/07/11 3:17:15 PM,128.233.4.254,Canada,,c=start,http://fluidsurveys.usask.ca/s/faham/questionnaires/?c=start,,119.0,00:05:36,,,,,10,29,Male,Right handedness,Advanced,food science,a few times per month,,,,,1,,,,,,,I'm an expert,I'm an expert,I've never done that,Single player alone,I love it,It's okay,It's okay,I like it,It's okay,It's okay,I love it,I like it,It's okay,I love it,It's okay,I like it,I dislike it,I like it,It's okay,I like it,I dislike it,I love it,It's okay,It's okay,I like it,5,3,2,4,7,1,6,,,,,,,,,,,,,,,,,,,,,,,,,,,,,,,,,,,,,,,,,,,,,,,,,,,,,,,,,,
Complete,5598019,en,2013/07/11 3:27:39 PM,2013/07/11 3:34:29 PM,128.233.4.254,Canada,,c=inbetween,http://fluidsurveys.usask.ca/s/faham/questionnaires/?c=inbetween,,146.0,00:06:48,,,,,10,,,,,,,,,,,,,,,,,,,,,,,,,,,,,,,,,,,,,,,,,,,,,,,,,,1,noticed more enemies came out after playing for a while. difficulty increased ,,,,neutral,neutral,neutral,agree,neutral,agree,neutral,disagree,strongly disagree,neutral,neutral,disagree,strongly disagree,agree,disagree,disagree,disagree,neutral,agree,strongly agree,neutral,agree,neutral,neutral,disagree,neutral,neutral,neutral,agree,agree,neutral,neutral,neutral,agree,Yes,Sort of,Sort of,No,No,No,Yes,No,No,No,Sort of,Sort of,Sort of,No,Sort of,Sort of,No,Sort of,Sort of
Complete,5598205,en,2013/07/11 3:40:53 PM,2013/07/11 3:45:30 PM,128.233.4.254,Canada,,c=inbetween,http://fluidsurveys.usask.ca/s/faham/questionnaires/?c=inbetween,,144.0,00:04:35,,,,,10,,,,,,,,,,,,,,,,,,,,,,,,,,,,,,,,,,,,,,,,,,,,,,,,,,2,it seems get easier,,,,agree,neutral,neutral,neutral,neutral,agree,neutral,disagree,disagree,disagree,neutral,neutral,disagree,neutral,disagree,neutral,disagree,neutral,disagree,agree,disagree,neutral,neutral,neutral,neutral,neutral,disagree,neutral,neutral,agree,neutral,neutral,neutral,agree,Yes,Yes,Sort of,No,No,No,Sort of,No,No,No,No,Yes,Sort of,No,Yes,No,Sort of,Sort of,Sort of
Complete,5598450,en,2013/07/11 4:01:48 PM,2013/07/11 4:06:43 PM,128.233.4.254,Canada,,c=inbetween,http://fluidsurveys.usask.ca/s/faham/questionnaires/?c=inbetween,,147.0,00:04:09,,,,,10,,,,,,,,,,,,,,,,,,,,,,,,,,,,,,,,,,,,,,,,,,,,,,,,,,3,difficulty increased as level going up. make game harder. ,,,,neutral,neutral,neutral,agree,neutral,neutral,neutral,disagree,strongly disagree,disagree,neutral,disagree,strongly disagree,neutral,neutral,neutral,disagree,neutral,neutral,strongly agree,disagree,agree,agree,neutral,neutral,neutral,neutral,agree,agree,agree,neutral,neutral,neutral,agree,Sort of,Sort of,Sort of,No,No,No,Sort of,No,No,No,Sort of,Yes,Sort of,No,No,Sort of,Sort of,Sort of,Sort of
Complete,5598617,en,2013/07/11 4:16:49 PM,2013/07/11 4:20:57 PM,128.233.4.254,Canada,,c=inbetween,http://fluidsurveys.usask.ca/s/faham/questionnaires/?c=inbetween,,158.0,00:04:05,,,,,10,,,,,,,,,,,,,,,,,,,,,,,,,,,,,,,,,,,,,,,,,,,,,,,,,,4,did not notice changes. but i performed better,,,,agree,neutral,neutral,agree,neutral,agree,neutral,disagree,strongly disagree,disagree,neutral,disagree,strongly disagree,agree,disagree,neutral,neutral,neutral,neutral,strongly agree,neutral,strongly agree,neutral,neutral,neutral,neutral,neutral,neutral,agree,agree,neutral,neutral,neutral,strongly agree,Sort of,Yes,Sort of,No,No,No,Sort of,Sort of,Sort of,No,Sort of,Yes,Sort of,Sort of,Sort of,Sort of,Yes,Sort of,Sort of
Complete,5598833,en,2013/07/11 4:36:15 PM,2013/07/11 4:39:47 PM,128.233.4.254,Canada,,c=start,http://fluidsurveys.usask.ca/s/faham/questionnaires/?c=start,,144.0,00:03:30,,,,,11,25,Female,Right handedness,Intermediate,Arts and Science English and political science,every day,1,1,1,1,1,1,1,1,,,,,,,Single player alone,I love it,It's okay,I like it,It's okay,I dislike it,I like it,I like it,I like it,It's okay,It's okay,I like it,It's okay,I dislike it,I like it,It's okay,I love it,I dislike it,I like it,I like it,I dislike it,I love it,1,5,6,2,3,7,4,,,,,,,,,,,,,,,,,,,,,,,,,,,,,,,,,,,,,,,,,,,,,,,,,,,,,,,,,,
Complete,5599104,en,2013/07/11 4:50:08 PM,2013/07/11 4:54:44 PM,128.233.4.254,Canada,,c=inbetween,http://fluidsurveys.usask.ca/s/faham/questionnaires/?c=inbetween,,174.0,00:04:17,,,,,11,,,,,,,,,,,,,,,,,,,,,,,,,,,,,,,,,,,,,,,,,,,,,,,,,,2,,,,,agree,agree,neutral,agree,agree,agree,agree,neutral,agree,disagree,agree,disagree,disagree,agree,disagree,agree,agree,neutral,disagree,agree,disagree,agree,agree,agree,agree,neutral,neutral,agree,agree,agree,disagree,agree,strongly agree,agree,Yes,Yes,Sort of,Sort of,Sort of,Yes,Yes,Yes,Sort of,Sort of,Yes,Yes,Yes,Sort of,Yes,No,No,Yes,Sort of
Complete,5599937,en,2013/07/11 5:03:04 PM,2013/07/11 5:06:00 PM,128.233.4.254,Canada,,c=inbetween,http://fluidsurveys.usask.ca/s/faham/questionnaires/?c=inbetween,,161.0,00:02:51,,,,,11,,,,,,,,,,,,,,,,,,,,,,,,,,,,,,,,,,,,,,,,,,,,,,,,,,3,,,,,agree,agree,agree,agree,agree,agree,agree,agree,agree,disagree,neutral,disagree,disagree,agree,disagree,neutral,agree,strongly disagree,neutral,agree,disagree,agree,agree,neutral,disagree,strongly disagree,neutral,agree,agree,neutral,disagree,agree,strongly agree,agree,Sort of,Yes,Sort of,Sort of,No,Sort of,Yes,No,Sort of,Sort of,Sort of,Yes,Sort of,Sort of,Yes,No,No,Yes,Sort of
Complete,5600212,en,2013/07/11 5:23:28 PM,2013/07/11 5:26:17 PM,128.233.4.254,Canada,,c=inbetween,http://fluidsurveys.usask.ca/s/faham/questionnaires/?c=inbetween,,179.0,00:01:44,,,,,11,,,,,,,,,,,,,,,,,,,,,,,,,,,,,,,,,,,,,,,,,,,,,,,,,,4,,,,,agree,agree,agree,agree,agree,agree,agree,agree,agree,agree,agree,disagree,disagree,agree,neutral,agree,neutral,disagree,neutral,agree,disagree,agree,agree,agree,neutral,disagree,disagree,agree,agree,agree,agree,agree,agree,agree,Sort of,Yes,Sort of,Sort of,Sort of,Sort of,Yes,Yes,Yes,Sort of,Yes,Yes,Yes,Sort of,Yes,No,Yes,Yes,Yes
Complete,5600344,en,2013/07/11 5:35:22 PM,2013/07/11 5:37:50 PM,128.233.4.254,Canada,,c=inbetween,http://fluidsurveys.usask.ca/s/faham/questionnaires/?c=inbetween,,169.0,00:01:29,,,,,11,,,,,,,,,,,,,,,,,,,,,,,,,,,,,,,,,,,,,,,,,,,,,,,,,,1,,,,,agree,agree,agree,agree,agree,agree,agree,agree,agree,disagree,neutral,disagree,disagree,agree,disagree,agree,neutral,disagree,neutral,agree,disagree,agree,agree,agree,neutral,disagree,disagree,agree,agree,agree,agree,agree,agree,agree,Yes,Yes,Sort of,No,Sort of,Sort of,Yes,Sort of,Sort of,Sort of,Yes,Yes,Yes,Sort of,Yes,No,Yes,Yes,Yes
Complete,5602562,en,2013/07/11 7:32:27 PM,2013/07/11 7:37:23 PM,128.233.4.254,Canada,,c=start,http://fluidsurveys.usask.ca/s/faham/questionnaires/?c=start,,133.0,00:04:55,,,,,12,25,Male,Right handedness,Advanced,Electrical Engineering,every day,1,1,,,1,1,1,,,,,I'm an expert,I'm an expert,,Multiplayer in the same room,I like it,I like it,It's okay,I love it,I love it,I love it,I love it,It's okay,I like it,I like it,I like it,I like it,It's okay,I like it,It's okay,It's okay,It's okay,I love it,I dislike it,I dislike it,It's okay,7,6,5,3,2,4,1,,,,,,,,,,,,,,,,,,,,,,,,,,,,,,,,,,,,,,,,,,,,,,,,,,,,,,,,,,
Complete,5602736,en,2013/07/11 7:51:09 PM,2013/07/11 7:56:57 PM,128.233.4.254,Canada,,c=inbetween,http://fluidsurveys.usask.ca/s/faham/questionnaires/?c=inbetween,,136.0,00:05:45,,,,,12,,,,,,,,,,,,,,,,,,,,,,,,,,,,,,,,,,,,,,,,,,,,,,,,,,3,,,,,disagree,agree,strongly agree,agree,agree,disagree,disagree,agree,agree,disagree,strongly disagree,strongly disagree,strongly disagree,neutral,disagree,disagree,strongly disagree,disagree,disagree,agree,disagree,neutral,agree,strongly disagree,disagree,disagree,agree,agree,agree,neutral,neutral,neutral,strongly agree,agree,Yes,No,No,Sort of,No,No,No,No,Sort of,No,No,Sort of,Sort of,Sort of,Sort of,No,No,Sort of,No
Complete,5602851,en,2013/07/11 8:03:30 PM,2013/07/11 8:09:35 PM,128.233.4.254,Canada,,c=inbetween,http://fluidsurveys.usask.ca/s/faham/questionnaires/?c=inbetween,,143.0,00:06:02,,,,,12,,,,,,,,,,,,,,,,,,,,,,,,,,,,,,,,,,,,,,,,,,,,,,,,,,4,"seems like more zombies appear, and seems like they appear faster",,,,strongly disagree,agree,agree,agree,agree,strongly disagree,strongly disagree,strongly agree,strongly agree,disagree,strongly disagree,strongly disagree,strongly disagree,agree,disagree,disagree,disagree,disagree,disagree,strongly agree,strongly disagree,neutral,agree,strongly disagree,disagree,disagree,neutral,strongly agree,agree,agree,disagree,strongly disagree,strongly agree,strongly agree,Yes,Sort of,Sort of,Yes,Sort of,Sort of,Sort of,No,Sort of,Sort of,Sort of,Sort of,Yes,Sort of,No,No,No,Sort of,No
Complete,5603002,en,2013/07/11 8:18:43 PM,2013/07/11 8:23:47 PM,128.233.4.254,Canada,,c=inbetween,http://fluidsurveys.usask.ca/s/faham/questionnaires/?c=inbetween,,142.0,00:04:59,,,,,12,,,,,,,,,,,,,,,,,,,,,,,,,,,,,,,,,,,,,,,,,,,,,,,,,,1,didn't notice any change,,,,strongly disagree,strongly agree,strongly agree,strongly agree,strongly agree,strongly disagree,strongly disagree,strongly agree,strongly agree,strongly disagree,strongly disagree,strongly disagree,strongly disagree,agree,disagree,strongly disagree,strongly disagree,disagree,disagree,neutral,strongly disagree,agree,agree,strongly disagree,disagree,disagree,neutral,agree,neutral,agree,agree,strongly disagree,strongly agree,neutral,Yes,Sort of,No,Yes,Yes,Sort of,Sort of,Sort of,Sort of,Sort of,Yes,Sort of,Yes,Sort of,Sort of,No,No,Sort of,Sort of
Complete,5603137,en,2013/07/11 8:32:16 PM,2013/07/11 8:37:03 PM,128.233.4.254,Canada,,c=inbetween,http://fluidsurveys.usask.ca/s/faham/questionnaires/?c=inbetween,,125.0,00:04:45,,,,,12,,,,,,,,,,,,,,,,,,,,,,,,,,,,,,,,,,,,,,,,,,,,,,,,,,2,"my speed changes all the time, sometimes fast, sometimes slow.",,,,strongly disagree,strongly agree,neutral,strongly agree,strongly agree,strongly disagree,strongly disagree,strongly agree,strongly agree,strongly disagree,strongly disagree,strongly disagree,strongly disagree,neutral,disagree,strongly disagree,strongly disagree,strongly disagree,disagree,agree,strongly disagree,neutral,strongly agree,strongly disagree,strongly disagree,strongly disagree,disagree,agree,agree,neutral,strongly disagree,strongly disagree,strongly agree,agree,Sort of,Sort of,No,Yes,Sort of,No,Sort of,Sort of,Sort of,No,No,Sort of,Sort of,No,Sort of,No,No,Sort of,No
Complete,5603505,en,2013/07/11 9:06:57 PM,2013/07/11 9:10:25 PM,128.233.4.254,Canada,,c=start,http://fluidsurveys.usask.ca/s/faham/questionnaires/?c=start,,152.0,00:03:22,,,,,13,27,Male,Right handedness,Intermediate,Molecular Biology,a few times per week,1,1,1,1,1,1,1,,,,,,I'm an expert,,Team/Cooperative play or clan play over the Internet,I like it,It's okay,I like it,I like it,I like it,I love it,It's okay,It's okay,I like it,I love it,I dislike it,I like it,I like it,I dislike it,I hate it,I dislike it,I dislike it,It's okay,It's okay,I like it,I dislike it,3,2,1,4,7,5,6,,,,,,,,,,,,,,,,,,,,,,,,,,,,,,,,,,,,,,,,,,,,,,,,,,,,,,,,,,
Complete,5603636,en,2013/07/11 9:20:42 PM,2013/07/11 9:25:43 PM,128.233.4.254,Canada,,c=inbetween,http://fluidsurveys.usask.ca/s/faham/questionnaires/?c=inbetween,,172.0,00:05:00,,,,,13,,,,,,,,,,,,,,,,,,,,,,,,,,,,,,,,,,,,,,,,,,,,,,,,,,4,Enemies got progressively harder and increased in number as the rounds increased. Definitely impacted my performance,,,,neutral,agree,strongly agree,strongly agree,agree,agree,neutral,agree,agree,disagree,neutral,disagree,neutral,neutral,disagree,disagree,disagree,disagree,agree,strongly agree,agree,neutral,neutral,neutral,neutral,neutral,disagree,agree,agree,agree,disagree,neutral,agree,strongly agree,Yes,Yes,Sort of,Yes,Sort of,Sort of,Yes,No,Sort of,Sort of,Yes,Yes,Yes,Sort of,Yes,No,Yes,Sort of,No
Complete,5603798,en,2013/07/11 9:34:48 PM,2013/07/11 9:39:21 PM,128.233.4.254,Canada,,c=inbetween,http://fluidsurveys.usask.ca/s/faham/questionnaires/?c=inbetween,,164.0,00:04:31,,,,,13,,,,,,,,,,,,,,,,,,,,,,,,,,,,,,,,,,,,,,,,,,,,,,,,,,1,Enemies seemed similar in difficulty to condition 4 so I modified my strategy slightly and it seemed to work better than before. I tried to do more running back and forth between the health pack and the grenade.,,,,neutral,agree,agree,strongly agree,agree,agree,disagree,strongly agree,agree,strongly disagree,disagree,disagree,disagree,agree,disagree,disagree,disagree,disagree,agree,strongly agree,disagree,agree,agree,neutral,neutral,disagree,neutral,agree,neutral,agree,neutral,agree,neutral,strongly agree,Yes,Sort of,Sort of,Sort of,No,Sort of,Yes,Sort of,Yes,Sort of,Yes,Sort of,Yes,No,Yes,No,Yes,Yes,No
Complete,5603934,en,2013/07/11 9:48:09 PM,2013/07/11 9:51:54 PM,128.233.4.254,Canada,,c=inbetween,http://fluidsurveys.usask.ca/s/faham/questionnaires/?c=inbetween,,171.0,00:03:44,,,,,13,,,,,,,,,,,,,,,,,,,,,,,,,,,,,,,,,,,,,,,,,,,,,,,,,,2,"My strategy was to be much more mobile and it seemed to work better. I could just run across the map, group up the zombies, grab the grenade and then blow up most of them. ",,,,agree,agree,agree,strongly agree,agree,neutral,neutral,strongly agree,agree,strongly disagree,disagree,disagree,disagree,agree,neutral,disagree,neutral,agree,disagree,strongly agree,disagree,agree,disagree,neutral,neutral,agree,disagree,strongly agree,agree,agree,agree,neutral,agree,strongly agree,Yes,Yes,Sort of,Sort of,No,Sort of,Yes,No,Yes,Sort of,Yes,Sort of,Yes,Sort of,Sort of,No,Yes,Yes,No
Complete,5604010,en,2013/07/11 10:00:31 PM,2013/07/11 10:04:08 PM,128.233.4.254,Canada,,c=inbetween,http://fluidsurveys.usask.ca/s/faham/questionnaires/?c=inbetween,,171.0,00:03:36,,,,,13,,,,,,,,,,,,,,,,,,,,,,,,,,,,,,,,,,,,,,,,,,,,,,,,,,3,My character felt quite sluggish and slow. Relative to the zombies. This made my previous strategy difficult to pull off as I wasn't as maneuverable.,,,,neutral,agree,agree,strongly agree,agree,agree,neutral,agree,agree,strongly disagree,disagree,disagree,disagree,agree,disagree,neutral,disagree,neutral,neutral,strongly agree,agree,agree,neutral,neutral,neutral,neutral,disagree,strongly agree,neutral,agree,disagree,agree,agree,strongly agree,Yes,Sort of,Sort of,Sort of,Sort of,Sort of,Yes,Sort of,Sort of,Sort of,Yes,Yes,Yes,No,Yes,No,Yes,Yes,Sort of
Complete,5688217,en,2013/07/17 9:17:53 PM,2013/07/17 9:23:02 PM,128.233.4.254,Canada,,c=start,http://fluidsurveys.usask.ca/s/faham/questionnaires/?c=start,,126.0,00:05:09,,,,,14,21,Male,Right handedness,Intermediate,Mechanical engineering,every day,,,,,1,,1,,,,,I'm an expert,I'm an expert,,Team/Cooperative play or clan play over the Internet,It's okay,I like it,It's okay,I love it,I love it,I love it,I dislike it,I like it,I like it,I love it,I like it,I love it,I like it,It's okay,It's okay,I like it,I like it,I love it,I dislike it,I like it,I like it,4,5,6,2,7,7,6,,,,,,,,,,,,,,,,,,,,,,,,,,,,,,,,,,,,,,,,,,,,,,,,,,,,,,,,,,
Complete,5688357,en,2013/07/17 9:35:42 PM,2013/07/17 9:40:02 PM,128.233.4.254,Canada,,c=inbetween,http://fluidsurveys.usask.ca/s/faham/questionnaires/?c=inbetween,,170.0,00:04:18,,,,,14,,,,,,,,,,,,,,,,,,,,,,,,,,,,,,,,,,,,,,,,,,,,,,,,,,1,it was better,,,,disagree,disagree,agree,agree,disagree,agree,neutral,neutral,agree,disagree,strongly agree,neutral,neutral,agree,agree,neutral,strongly agree,agree,agree,agree,neutral,agree,neutral,neutral,strongly agree,disagree,agree,agree,agree,neutral,agree,disagree,disagree,strongly agree,Yes,Yes,Sort of,Sort of,Sort of,Yes,No,Yes,Yes,Sort of,Yes,Sort of,Yes,Sort of,No,Sort of,No,Yes,No
Complete,5688475,en,2013/07/17 9:51:30 PM,2013/07/17 9:54:40 PM,128.233.4.254,Canada,,c=inbetween,http://fluidsurveys.usask.ca/s/faham/questionnaires/?c=inbetween,,177.0,00:03:09,,,,,14,,,,,,,,,,,,,,,,,,,,,,,,,,,,,,,,,,,,,,,,,,,,,,,,,,2,,,,,agree,neutral,strongly agree,agree,neutral,agree,neutral,agree,agree,neutral,agree,neutral,neutral,agree,agree,neutral,neutral,neutral,agree,strongly agree,agree,agree,neutral,neutral,neutral,agree,agree,strongly agree,strongly agree,agree,agree,agree,neutral,strongly agree,No,Sort of,No,No,Sort of,Sort of,Sort of,Sort of,Yes,Sort of,Sort of,Sort of,Yes,Sort of,No,Yes,No,Yes,No
Complete,5688565,en,2013/07/17 10:04:59 PM,2013/07/17 10:08:01 PM,128.233.4.254,Canada,,c=inbetween,http://fluidsurveys.usask.ca/s/faham/questionnaires/?c=inbetween,,172.0,00:03:01,,,,,14,,,,,,,,,,,,,,,,,,,,,,,,,,,,,,,,,,,,,,,,,,,,,,,,,,3,,,,,neutral,agree,agree,strongly agree,agree,neutral,strongly agree,agree,agree,disagree,neutral,disagree,neutral,neutral,agree,neutral,agree,neutral,agree,agree,strongly disagree,disagree,disagree,disagree,neutral,neutral,agree,agree,strongly agree,neutral,agree,neutral,neutral,agree,Yes,Sort of,Yes,Yes,Yes,Yes,Yes,Yes,Yes,Sort of,Sort of,Sort of,Yes,Sort of,No,No,No,Yes,No
Complete,5688684,en,2013/07/17 10:20:57 PM,2013/07/17 10:23:28 PM,128.233.4.254,Canada,,c=inbetween,http://fluidsurveys.usask.ca/s/faham/questionnaires/?c=inbetween,,172.0,00:02:31,,,,,14,,,,,,,,,,,,,,,,,,,,,,,,,,,,,,,,,,,,,,,,,,,,,,,,,,4,,,,,neutral,neutral,agree,neutral,disagree,agree,agree,agree,neutral,disagree,disagree,agree,neutral,agree,agree,neutral,agree,neutral,agree,agree,disagree,agree,neutral,neutral,agree,agree,agree,agree,strongly agree,agree,agree,neutral,neutral,neutral,Sort of,Sort of,Yes,No,Sort of,Sort of,Sort of,Yes,Yes,Yes,Sort of,Sort of,Yes,Yes,No,Sort of,No,Yes,No
Complete,5706925,en,2013/07/19 5:10:57 PM,2013/07/19 5:14:31 PM,128.233.4.254,Canada,,c=start,http://fluidsurveys.usask.ca/s/faham/questionnaires/?c=start,,138.0,00:03:34,,,,,15,32,Male,Right handedness,Advanced,Molecular Biology,a few times per week,1,1,1,1,1,1,1,1,,,,,I'm an expert,,Team/Cooperative play or clan play over the Internet,I love it,It's okay,I love it,I like it,I like it,I love it,I like it,It's okay,I like it,I love it,I love it,I like it,I like it,I love it,I like it,I love it,I love it,I love it,I love it,It's okay,It's okay,7,6,5,2,1,4,3,,,,,,,,,,,,,,,,,,,,,,,,,,,,,,,,,,,,,,,,,,,,,,,,,,,,,,,,,,
Complete,5707093,en,2013/07/19 5:28:09 PM,2013/07/19 5:33:51 PM,128.233.4.254,Canada,,c=inbetween,http://fluidsurveys.usask.ca/s/faham/questionnaires/?c=inbetween,,139.0,00:04:46,,,,,15,,,,,,,,,,,,,,,,,,,,,,,,,,,,,,,,,,,,,,,,,,,,,,,,,,2,I found the the zombies collected in the middle so it was better to stay away from there. I did better the second try with this strategy.,,,,neutral,disagree,strongly agree,disagree,neutral,neutral,strongly disagree,agree,disagree,disagree,neutral,disagree,disagree,agree,agree,strongly disagree,strongly disagree,strongly disagree,strongly disagree,strongly agree,strongly agree,neutral,strongly disagree,strongly disagree,strongly disagree,strongly disagree,strongly disagree,strongly agree,disagree,agree,strongly disagree,strongly disagree,strongly agree,strongly agree,Sort of,Yes,Sort of,No,No,Yes,Sort of,No,Yes,Yes,Sort of,Yes,Yes,Sort of,Yes,Sort of,No,No,No
Complete,5707217,en,2013/07/19 5:40:08 PM,2013/07/19 5:44:36 PM,128.233.4.254,Canada,,c=inbetween,http://fluidsurveys.usask.ca/s/faham/questionnaires/?c=inbetween,,149.0,00:04:28,,,,,15,,,,,,,,,,,,,,,,,,,,,,,,,,,,,,,,,,,,,,,,,,,,,,,,,,3,I didn't really change my playstyle but it seemed the safe places got more overrun quicker now,,,,disagree,neutral,neutral,disagree,neutral,disagree,strongly disagree,neutral,disagree,neutral,strongly disagree,neutral,disagree,agree,neutral,strongly disagree,disagree,strongly disagree,disagree,strongly agree,strongly agree,agree,strongly disagree,strongly disagree,strongly disagree,strongly disagree,strongly disagree,agree,neutral,agree,agree,strongly disagree,strongly agree,strongly agree,Yes,Yes,Sort of,No,No,Yes,Yes,Sort of,Yes,Yes,Sort of,Yes,Yes,Yes,Yes,Sort of,Sort of,Yes,Sort of
Complete,5707374,en,2013/07/19 5:51:46 PM,2013/07/19 5:55:20 PM,128.233.4.254,Canada,,c=inbetween,http://fluidsurveys.usask.ca/s/faham/questionnaires/?c=inbetween,,139.0,00:03:32,,,,,15,,,,,,,,,,,,,,,,,,,,,,,,,,,,,,,,,,,,,,,,,,,,,,,,,,4,I didn't change anythi8ng major. My gameplay stayed about the same.,,,,strongly disagree,neutral,neutral,disagree,neutral,strongly disagree,strongly disagree,disagree,neutral,neutral,strongly disagree,neutral,agree,agree,disagree,strongly disagree,disagree,strongly disagree,disagree,strongly agree,agree,neutral,disagree,strongly disagree,disagree,strongly disagree,strongly disagree,strongly agree,disagree,agree,neutral,strongly disagree,strongly agree,strongly agree,Sort of,Yes,Sort of,Sort of,No,Yes,Sort of,Sort of,Sort of,Sort of,Sort of,Yes,Yes,Sort of,Yes,Sort of,No,Sort of,Sort of
Complete,5707549,en,2013/07/19 6:04:08 PM,2013/07/19 6:07:39 PM,128.233.4.254,Canada,,c=inbetween,http://fluidsurveys.usask.ca/s/faham/questionnaires/?c=inbetween,,140.0,00:03:30,,,,,15,,,,,,,,,,,,,,,,,,,,,,,,,,,,,,,,,,,,,,,,,,,,,,,,,,1,I backed into a corner and defended it so it was easier to not have zombies spawn behind you. I did better.,,,,strongly disagree,disagree,disagree,neutral,neutral,strongly disagree,strongly disagree,neutral,disagree,agree,disagree,neutral,agree,agree,neutral,strongly disagree,disagree,strongly disagree,disagree,strongly agree,strongly agree,agree,disagree,strongly disagree,disagree,strongly disagree,strongly disagree,strongly agree,disagree,agree,disagree,strongly disagree,agree,strongly agree,Sort of,Yes,Sort of,Sort of,No,Yes,Sort of,Sort of,Sort of,Yes,Sort of,Yes,Yes,Sort of,Yes,Sort of,Sort of,Sort of,Sort of
Complete,5708689,en,2013/07/19 7:42:31 PM,2013/07/19 7:45:53 PM,128.233.4.254,Canada,,c=start,http://fluidsurveys.usask.ca/s/faham/questionnaires/?c=start,,125.0,00:03:22,,,,,16,18,Female,Left handedness,Intermediate,Computer Science,every day,1,1,,,1,,,,,,,I'm an expert,I'm an expert,,Team/Cooperative play or clan play over the Internet,I love it,It's okay,I like it,I like it,I like it,I like it,I dislike it,I like it,I like it,It's okay,I like it,I dislike it,I like it,It's okay,It's okay,I like it,I like it,It's okay,It's okay,I dislike it,It's okay,7,3,2,6,4,1,5,,,,,,,,,,,,,,,,,,,,,,,,,,,,,,,,,,,,,,,,,,,,,,,,,,,,,,,,,,
Complete,5708782,en,2013/07/19 7:54:21 PM,2013/07/19 7:57:50 PM,128.233.4.254,Canada,,c=inbetween,http://fluidsurveys.usask.ca/s/faham/questionnaires/?c=inbetween,,146.0,00:03:29,,,,,16,,,,,,,,,,,,,,,,,,,,,,,,,,,,,,,,,,,,,,,,,,,,,,,,,,3,"The play area was small and the zombies spawned more together as the round went on, I think this made it more difficult",,,,neutral,agree,agree,neutral,agree,agree,neutral,agree,neutral,disagree,neutral,neutral,disagree,agree,disagree,neutral,disagree,disagree,neutral,strongly agree,agree,neutral,disagree,neutral,neutral,disagree,neutral,neutral,agree,neutral,disagree,neutral,neutral,strongly agree,No,Yes,No,No,No,No,No,No,No,No,Sort of,Sort of,Sort of,No,Yes,Sort of,No,Sort of,Sort of
Complete,5708874,en,2013/07/19 8:05:33 PM,2013/07/19 8:08:12 PM,128.233.4.254,Canada,,c=inbetween,http://fluidsurveys.usask.ca/s/faham/questionnaires/?c=inbetween,,148.0,00:02:38,,,,,16,,,,,,,,,,,,,,,,,,,,,,,,,,,,,,,,,,,,,,,,,,,,,,,,,,4,the zombies moved slower but there also seemed to be more,,,,agree,agree,agree,disagree,agree,agree,neutral,neutral,disagree,disagree,neutral,agree,disagree,agree,disagree,neutral,disagree,disagree,disagree,strongly agree,agree,agree,disagree,neutral,disagree,disagree,disagree,agree,agree,agree,disagree,neutral,neutral,strongly agree,No,Yes,No,No,No,No,No,No,Sort of,No,No,Yes,Sort of,No,Yes,Yes,No,Sort of,No
Complete,5708972,en,2013/07/19 8:16:00 PM,2013/07/19 8:18:25 PM,128.233.4.254,Canada,,c=inbetween,http://fluidsurveys.usask.ca/s/faham/questionnaires/?c=inbetween,,147.0,00:02:22,,,,,16,,,,,,,,,,,,,,,,,,,,,,,,,,,,,,,,,,,,,,,,,,,,,,,,,,1,This felt the same as condition 4,,,,agree,agree,agree,disagree,agree,agree,neutral,neutral,disagree,disagree,neutral,agree,neutral,agree,disagree,neutral,disagree,disagree,disagree,strongly agree,agree,agree,disagree,neutral,disagree,disagree,disagree,agree,agree,agree,disagree,neutral,neutral,strongly agree,No,Yes,No,No,No,No,No,No,Sort of,No,No,Yes,Sort of,No,Yes,Yes,No,Sort of,Sort of
Complete,5709090,en,2013/07/19 8:28:41 PM,2013/07/19 8:30:58 PM,128.233.4.254,Canada,,c=inbetween,http://fluidsurveys.usask.ca/s/faham/questionnaires/?c=inbetween,,147.0,00:02:16,,,,,16,,,,,,,,,,,,,,,,,,,,,,,,,,,,,,,,,,,,,,,,,,,,,,,,,,2,"I felt this condition was the easiest, even though there were more zombies",,,,agree,agree,agree,disagree,agree,strongly agree,disagree,disagree,disagree,disagree,agree,agree,disagree,agree,disagree,neutral,disagree,disagree,disagree,strongly agree,agree,agree,disagree,neutral,disagree,disagree,disagree,agree,agree,agree,disagree,neutral,neutral,strongly agree,No,Yes,No,No,No,No,No,No,Sort of,No,No,Yes,No,No,Yes,Yes,No,Yes,No
Complete,5709447,en,2013/07/19 9:16:46 PM,2013/07/19 9:21:03 PM,128.233.4.254,Canada,,c=start,http://fluidsurveys.usask.ca/s/faham/questionnaires/?c=start,,135.0,00:04:16,,,,,17,22,Male,Right handedness,Intermediate,Computer Science,every day,1,1,1,1,1,1,1,1,,,,,,,Multiplayer in the same room,I love it,I like it,I love it,I love it,I love it,I love it,I like it,It's okay,I like it,I like it,I like it,It's okay,I like it,I like it,It's okay,I like it,I like it,I like it,I love it,I like it,I like it,2,3,1,5,7,6,4,,,,,,,,,,,,,,,,,,,,,,,,,,,,,,,,,,,,,,,,,,,,,,,,,,,,,,,,,,
Complete,5709744,en,2013/07/19 9:32:43 PM,2013/07/19 9:39:50 PM,128.233.4.254,Canada,,c=inbetween,http://fluidsurveys.usask.ca/s/faham/questionnaires/?c=inbetween,,169.0,00:07:06,,,,,17,,,,,,,,,,,,,,,,,,,,,,,,,,,,,,,,,,,,,,,,,,,,,,,,,,4,"Unlimited Ammo, Fairly quick respawn on consumables.",,,,strongly agree,agree,agree,agree,agree,strongly agree,agree,disagree,agree,strongly disagree,strongly agree,disagree,strongly disagree,agree,agree,neutral,disagree,strongly disagree,neutral,strongly agree,disagree,agree,neutral,agree,strongly disagree,strongly disagree,strongly disagree,strongly agree,agree,strongly agree,strongly disagree,neutral,strongly agree,agree,Sort of,Yes,Sort of,Sort of,Sort of,Sort of,No,No,Sort of,Sort of,Yes,Yes,Yes,Sort of,Yes,No,Yes,Yes,Yes
Complete,5709805,en,2013/07/19 9:44:26 PM,2013/07/19 9:49:23 PM,128.233.4.254,Canada,,c=inbetween,http://fluidsurveys.usask.ca/s/faham/questionnaires/?c=inbetween,,162.0,00:04:57,,,,,17,,,,,,,,,,,,,,,,,,,,,,,,,,,,,,,,,,,,,,,,,,,,,,,,,,1,Didn't notice anything different this time than from the last one (4),,,,strongly agree,strongly agree,agree,neutral,strongly agree,strongly agree,agree,strongly disagree,neutral,strongly disagree,strongly agree,neutral,strongly disagree,strongly agree,disagree,neutral,disagree,strongly disagree,disagree,strongly agree,agree,agree,neutral,agree,disagree,strongly disagree,strongly disagree,strongly agree,agree,agree,strongly disagree,neutral,strongly agree,strongly agree,Yes,Yes,No,No,Sort of,Sort of,No,No,Sort of,Sort of,Yes,Yes,Yes,Sort of,Yes,No,Sort of,Sort of,Sort of
Complete,5709912,en,2013/07/19 9:58:11 PM,2013/07/19 10:03:09 PM,128.233.4.254,Canada,,c=inbetween,http://fluidsurveys.usask.ca/s/faham/questionnaires/?c=inbetween,,163.0,00:04:56,,,,,17,,,,,,,,,,,,,,,,,,,,,,,,,,,,,,,,,,,,,,,,,,,,,,,,,,2,The Speed of the character would change constantly. I think that is the only difference i noticed.,,,,strongly agree,strongly agree,strongly agree,disagree,strongly agree,strongly agree,agree,strongly disagree,neutral,strongly disagree,strongly agree,agree,strongly disagree,agree,strongly disagree,neutral,strongly disagree,strongly disagree,disagree,strongly agree,disagree,agree,disagree,agree,strongly disagree,strongly disagree,strongly disagree,strongly agree,agree,agree,strongly disagree,agree,strongly agree,strongly agree,Yes,Yes,No,No,Sort of,Yes,No,Sort of,No,Yes,Yes,Yes,Yes,Sort of,Sort of,Sort of,Yes,Yes,Yes
Complete,5709978,en,2013/07/19 10:09:52 PM,2013/07/19 10:13:38 PM,128.233.4.254,Canada,,c=inbetween,http://fluidsurveys.usask.ca/s/faham/questionnaires/?c=inbetween,,164.0,00:03:45,,,,,17,,,,,,,,,,,,,,,,,,,,,,,,,,,,,,,,,,,,,,,,,,,,,,,,,,3,The zombies would change speed throughout the playthrough.,,,,strongly agree,strongly agree,strongly agree,neutral,strongly agree,strongly agree,agree,strongly disagree,neutral,strongly disagree,strongly agree,disagree,strongly disagree,agree,disagree,neutral,disagree,strongly disagree,disagree,strongly agree,disagree,agree,strongly disagree,agree,disagree,strongly disagree,strongly disagree,strongly agree,agree,agree,strongly disagree,neutral,strongly agree,strongly agree,Yes,Yes,No,Sort of,No,Yes,No,No,Sort of,Yes,Yes,Yes,Yes,Sort of,Yes,Sort of,Yes,Yes,Yes
Complete,5710114,en,2013/07/19 10:36:18 PM,2013/07/19 10:46:55 PM,128.233.4.254,Canada,,c=start,http://fluidsurveys.usask.ca/s/faham/questionnaires/?c=start,,128.0,00:10:37,,,,,18,24,Male,Right handedness,Advanced,Computer Science,a few times per year,,1,1,,1,,1,,,,I'm an expert,I'm an expert,I'm an expert,I've never done that,Multiplayer in the same room,I like it,I love it,It's okay,I love it,I love it,I love it,It's okay,I hate it,I love it,I like it,I love it,I like it,I love it,I dislike it,I like it,I hate it,It's okay,I love it,I like it,I love it,I like it,5,3,7,1,5,6,2,,,,,,,,,,,,,,,,,,,,,,,,,,,,,,,,,,,,,,,,,,,,,,,,,,,,,,,,,,
Complete,5710207,en,2013/07/19 10:55:55 PM,2013/07/19 11:06:37 PM,128.233.4.254,Canada,,c=inbetween,http://fluidsurveys.usask.ca/s/faham/questionnaires/?c=inbetween,,145.0,00:10:42,,,,,18,,,,,,,,,,,,,,,,,,,,,,,,,,,,,,,,,,,,,,,,,,,,,,,,,,1,,,,,agree,neutral,agree,agree,neutral,neutral,agree,agree,agree,neutral,disagree,strongly disagree,disagree,agree,agree,neutral,disagree,neutral,agree,agree,disagree,neutral,neutral,strongly disagree,disagree,strongly disagree,agree,neutral,neutral,neutral,agree,disagree,neutral,agree,No,Sort of,Sort of,No,Sort of,No,Yes,No,Sort of,No,No,Sort of,Yes,Sort of,Sort of,No,No,Sort of,Sort of
Complete,5710269,en,2013/07/19 11:11:22 PM,2013/07/19 11:17:57 PM,128.233.4.254,Canada,,c=inbetween,http://fluidsurveys.usask.ca/s/faham/questionnaires/?c=inbetween,,162.0,00:06:33,,,,,18,,,,,,,,,,,,,,,,,,,,,,,,,,,,,,,,,,,,,,,,,,,,,,,,,,2,It was harder this time.,,,,agree,agree,strongly agree,agree,neutral,neutral,agree,agree,agree,disagree,disagree,disagree,disagree,agree,agree,disagree,disagree,strongly disagree,agree,agree,disagree,disagree,agree,disagree,agree,neutral,agree,agree,agree,agree,agree,neutral,neutral,agree,Sort of,Sort of,Sort of,Sort of,Sort of,Yes,Yes,Sort of,Yes,Sort of,No,Sort of,Sort of,Sort of,Yes,No,No,Sort of,Yes
Complete,5710324,en,2013/07/19 11:27:32 PM,2013/07/19 11:35:02 PM,128.233.63.14,Canada,,c=inbetween,http://fluidsurveys.usask.ca/s/faham/questionnaires/?c=inbetween,,151.0,00:07:29,,,,,18,,,,,,,,,,,,,,,,,,,,,,,,,,,,,,,,,,,,,,,,,,,,,,,,,,3,Each round took longer time to go to the next round.\nI could use speed(Shift) this time better(in 3rd try).,,,,neutral,strongly agree,strongly agree,agree,strongly agree,neutral,agree,agree,agree,strongly disagree,agree,strongly disagree,disagree,agree,agree,neutral,disagree,neutral,agree,disagree,disagree,strongly disagree,agree,neutral,neutral,agree,neutral,disagree,agree,neutral,agree,neutral,neutral,disagree,Sort of,Sort of,Sort of,No,Sort of,No,Yes,Sort of,Sort of,No,No,No,Sort of,Sort of,No,No,No,Yes,Sort of
Complete,5710385,en,2013/07/19 11:43:00 PM,2013/07/19 11:49:57 PM,128.233.63.14,Canada,,c=inbetween,http://fluidsurveys.usask.ca/s/faham/questionnaires/?c=inbetween,,166.0,00:06:55,,,,,18,,,,,,,,,,,,,,,,,,,,,,,,,,,,,,,,,,,,,,,,,,,,,,,,,,4,I think somehow I found the best way how to play the game.,,,,disagree,agree,strongly agree,agree,agree,agree,agree,agree,agree,disagree,disagree,disagree,disagree,neutral,agree,agree,agree,agree,neutral,agree,disagree,neutral,agree,neutral,neutral,agree,neutral,agree,agree,neutral,agree,agree,neutral,agree,Sort of,Sort of,Sort of,Sort of,Yes,No,Yes,Sort of,No,No,No,No,Sort of,Yes,No,No,No,Yes,Sort of
Complete,5727977,en,2013/07/22 9:30:36 PM,2013/07/22 9:37:04 PM,128.233.4.254,Canada,,c=start,http://fluidsurveys.usask.ca/s/faham/questionnaires/?c=start,,127.0,00:06:27,,,,,19,22,Male,Right handedness,Intermediate,INTERNATIONAL STUDIES,a few times per week,1,1,,1,1,,1,,,,,,,,Multiplayer over the Internet,It's okay,I like it,I dislike it,I like it,I love it,I love it,I dislike it,It's okay,I love it,It's okay,I love it,I love it,I like it,It's okay,I like it,I like it,I love it,It's okay,It's okay,I love it,I love it,2,4,3,1,6,7,5,,,,,,,,,,,,,,,,,,,,,,,,,,,,,,,,,,,,,,,,,,,,,,,,,,,,,,,,,,
Complete,5728270,en,2013/07/22 9:48:05 PM,2013/07/22 9:54:15 PM,128.233.4.254,Canada,,c=inbetween,http://fluidsurveys.usask.ca/s/faham/questionnaires/?c=inbetween,,188.0,00:06:08,,,,,19,,,,,,,,,,,,,,,,,,,,,,,,,,,,,,,,,,,,,,,,,,,,,,,,,,2,,,,,agree,agree,strongly agree,strongly agree,agree,agree,agree,agree,strongly agree,disagree,agree,disagree,strongly disagree,agree,agree,agree,agree,agree,agree,strongly agree,disagree,agree,strongly agree,agree,agree,agree,neutral,agree,agree,neutral,agree,agree,neutral,strongly agree,Sort of,Yes,Sort of,Yes,Yes,No,Sort of,Yes,Sort of,Sort of,Yes,No,Yes,No,Yes,No,Yes,Yes,Yes
Complete,5728396,en,2013/07/22 10:01:57 PM,2013/07/22 10:07:24 PM,128.233.4.254,Canada,,c=inbetween,http://fluidsurveys.usask.ca/s/faham/questionnaires/?c=inbetween,,186.0,00:05:26,,,,,19,,,,,,,,,,,,,,,,,,,,,,,,,,,,,,,,,,,,,,,,,,,,,,,,,,3,The speed seems slower.\nAnd I felt more used to the game.,,,,agree,agree,agree,agree,agree,strongly agree,agree,agree,agree,disagree,agree,agree,disagree,strongly agree,disagree,agree,disagree,agree,agree,strongly agree,disagree,agree,agree,agree,agree,agree,neutral,agree,agree,neutral,agree,agree,neutral,strongly agree,Yes,Yes,Yes,Yes,Yes,No,Sort of,Sort of,No,No,Yes,Yes,Yes,No,Yes,Sort of,Sort of,Yes,Yes
Complete,5728464,en,2013/07/22 10:12:58 PM,2013/07/22 10:17:24 PM,128.233.4.254,Canada,,c=inbetween,http://fluidsurveys.usask.ca/s/faham/questionnaires/?c=inbetween,,173.0,00:04:26,,,,,19,,,,,,,,,,,,,,,,,,,,,,,,,,,,,,,,,,,,,,,,,,,,,,,,,,4,,,,,agree,disagree,agree,agree,agree,neutral,neutral,agree,agree,disagree,disagree,agree,disagree,agree,disagree,disagree,disagree,agree,agree,strongly agree,disagree,agree,agree,agree,agree,agree,disagree,agree,agree,agree,neutral,disagree,neutral,strongly agree,Yes,Yes,Yes,Yes,Yes,No,Yes,Yes,No,No,Yes,Yes,Yes,No,Yes,Yes,Yes,Yes,No
Complete,5728538,en,2013/07/22 10:26:20 PM,2013/07/22 11:00:54 PM,128.233.4.254,Canada,,c=inbetween,http://fluidsurveys.usask.ca/s/faham/questionnaires/?c=inbetween,,171.0,00:04:37,,,,,19,,,,,,,,,,,,,,,,,,,,,,,,,,,,,,,,,,,,,,,,,,,,,,,,,,1,Got used to the game.,,,,agree,disagree,agree,agree,agree,agree,agree,agree,agree,disagree,disagree,agree,disagree,agree,disagree,disagree,disagree,disagree,agree,strongly agree,disagree,agree,agree,agree,agree,disagree,disagree,agree,agree,agree,agree,disagree,neutral,strongly agree,Yes,Yes,Yes,Yes,Yes,No,Yes,Yes,No,No,Yes,Yes,Yes,No,Yes,Yes,Yes,Yes,Yes
Complete,5736851,en,2013/07/23 6:05:46 PM,2013/07/23 6:10:25 PM,128.233.4.254,Canada,,c=start,http://fluidsurveys.usask.ca/s/faham/questionnaires/?c=start,,143.0,00:04:39,,,,,20,29,Male,Right handedness,Advanced,Mechanical engineering,a few times per month,,,,,1,1,1,,,,,,,,Multiplayer over the Internet,I like it,It's okay,It's okay,I like it,I like it,I like it,I like it,I like it,It's okay,It's okay,I like it,I dislike it,I dislike it,It's okay,It's okay,I like it,I like it,I like it,I dislike it,It's okay,I like it,4,5,4,5,6,5,5,,,,,,,,,,,,,,,,,,,,,,,,,,,,,,,,,,,,,,,,,,,,,,,,,,,,,,,,,,
Complete,5737036,en,2013/07/23 6:21:35 PM,2013/07/23 6:29:03 PM,128.233.4.254,Canada,,c=inbetween,http://fluidsurveys.usask.ca/s/faham/questionnaires/?c=inbetween,,160.0,00:07:26,,,,,20,,,,,,,,,,,,,,,,,,,,,,,,,,,,,,,,,,,,,,,,,,,,,,,,,,3,every round the number of zombies increased,,,,agree,neutral,agree,neutral,neutral,strongly agree,agree,disagree,neutral,disagree,agree,strongly disagree,strongly disagree,agree,disagree,neutral,disagree,disagree,disagree,agree,disagree,agree,agree,disagree,disagree,neutral,strongly disagree,agree,agree,agree,disagree,disagree,neutral,agree,Yes,Sort of,Sort of,Sort of,No,Sort of,Sort of,Yes,Sort of,Sort of,Yes,Yes,Yes,Sort of,Sort of,No,Yes,Yes,Yes
Complete,5737319,en,2013/07/23 6:35:07 PM,2013/07/23 6:41:37 PM,128.233.4.254,Canada,,c=inbetween,http://fluidsurveys.usask.ca/s/faham/questionnaires/?c=inbetween,,163.0,00:06:29,,,,,20,,,,,,,,,,,,,,,,,,,,,,,,,,,,,,,,,,,,,,,,,,,,,,,,,,4,zombies still strong and number of it increased every round,,,,agree,neutral,agree,disagree,neutral,agree,agree,agree,neutral,disagree,agree,disagree,strongly disagree,agree,disagree,neutral,disagree,neutral,neutral,agree,disagree,neutral,agree,neutral,neutral,disagree,neutral,agree,agree,agree,disagree,disagree,neutral,agree,Yes,Yes,Yes,No,No,Sort of,Sort of,Sort of,Sort of,Sort of,Sort of,Yes,Sort of,Sort of,Sort of,No,Yes,Sort of,Sort of
Complete,5737432,en,2013/07/23 6:47:46 PM,2013/07/23 6:54:25 PM,128.233.4.254,Canada,,c=inbetween,http://fluidsurveys.usask.ca/s/faham/questionnaires/?c=inbetween,,162.0,00:06:38,,,,,20,,,,,,,,,,,,,,,,,,,,,,,,,,,,,,,,,,,,,,,,,,,,,,,,,,1,zombi this time was appearing next to  me. since I was expecting this I performed good in the conditions.,,,,agree,agree,agree,disagree,agree,agree,agree,disagree,neutral,disagree,neutral,strongly agree,disagree,agree,neutral,disagree,neutral,neutral,disagree,agree,neutral,agree,agree,neutral,neutral,neutral,neutral,agree,agree,agree,disagree,disagree,neutral,agree,Yes,Sort of,Sort of,No,No,No,Sort of,Sort of,Sort of,Sort of,Sort of,Sort of,Sort of,No,Yes,No,Yes,Yes,No
Complete,5737522,en,2013/07/23 6:59:28 PM,2013/07/23 7:05:54 PM,128.233.4.254,Canada,,c=inbetween,http://fluidsurveys.usask.ca/s/faham/questionnaires/?c=inbetween,,161.0,00:06:23,,,,,20,,,,,,,,,,,,,,,,,,,,,,,,,,,,,,,,,,,,,,,,,,,,,,,,,,2,my speed was changes. mouse sensitivity probably too. it affected my movement and discomforted me. since it was uncomfortable to play in the conditions my performance was lower.,,,,neutral,neutral,agree,neutral,neutral,agree,neutral,agree,neutral,agree,disagree,agree,agree,agree,disagree,agree,disagree,disagree,disagree,agree,disagree,agree,agree,agree,neutral,disagree,agree,agree,agree,agree,neutral,neutral,neutral,agree,Yes,Sort of,Sort of,No,Sort of,Sort of,Sort of,Sort of,Sort of,Sort of,Sort of,Sort of,Sort of,Sort of,Yes,No,Yes,Sort of,No
Complete,5737985,en,2013/07/23 7:35:55 PM,2013/07/23 7:41:30 PM,128.233.4.254,Canada,,c=start,http://fluidsurveys.usask.ca/s/faham/questionnaires/?c=start,,131.0,00:05:34,,,,,21,21,Male,Right handedness,Intermediate,Mechanical engineering,a few times per week,,,,,1,,1,,,,,,,,Single player with other people helping or controller passing,I love it,I like it,I love it,I love it,I like it,I love it,I like it,It's okay,I love it,I like it,I love it,I like it,It's okay,I like it,It's okay,It's okay,I dislike it,I like it,I like it,I like it,I love it,7,5,6,7,7,7,6,,,,,,,,,,,,,,,,,,,,,,,,,,,,,,,,,,,,,,,,,,,,,,,,,,,,,,,,,,
Complete,5738171,en,2013/07/23 7:56:57 PM,2013/07/23 8:02:28 PM,128.233.4.254,Canada,,c=inbetween,http://fluidsurveys.usask.ca/s/faham/questionnaires/?c=inbetween,,184.0,00:05:30,,,,,21,,,,,,,,,,,,,,,,,,,,,,,,,,,,,,,,,,,,,,,,,,,,,,,,,,4,I dont think anything changed and i didnot perform better with these changes,,,,agree,agree,agree,neutral,agree,agree,agree,neutral,neutral,disagree,neutral,neutral,disagree,agree,neutral,agree,agree,agree,neutral,strongly agree,agree,neutral,agree,agree,agree,agree,neutral,neutral,agree,neutral,neutral,agree,neutral,agree,Yes,Sort of,Yes,No,Sort of,Sort of,Sort of,Yes,Sort of,Yes,Yes,Yes,Yes,Yes,Yes,Yes,Yes,Yes,Yes
Complete,5738270,en,2013/07/23 8:11:59 PM,2013/07/23 8:16:07 PM,128.233.4.254,Canada,,c=inbetween,http://fluidsurveys.usask.ca/s/faham/questionnaires/?c=inbetween,,189.0,00:04:07,,,,,21,,,,,,,,,,,,,,,,,,,,,,,,,,,,,,,,,,,,,,,,,,,,,,,,,,1,"Yes, I was feeling more confident and played better.",,,,agree,agree,agree,disagree,agree,agree,agree,disagree,disagree,disagree,agree,agree,neutral,agree,agree,neutral,agree,neutral,agree,agree,agree,agree,agree,neutral,neutral,agree,agree,strongly agree,agree,agree,neutral,agree,neutral,agree,Yes,Yes,Yes,No,Yes,Yes,Yes,Yes,Sort of,Yes,Yes,Yes,Yes,Yes,Yes,Yes,Yes,Yes,Yes
Complete,5738364,en,2013/07/23 8:27:28 PM,2013/07/23 8:30:30 PM,128.233.4.254,Canada,,c=inbetween,http://fluidsurveys.usask.ca/s/faham/questionnaires/?c=inbetween,,201.0,00:02:59,,,,,21,,,,,,,,,,,,,,,,,,,,,,,,,,,,,,,,,,,,,,,,,,,,,,,,,,2,yes. after each condition my gameplay is improving,,,,agree,agree,agree,agree,agree,agree,agree,neutral,agree,neutral,agree,agree,neutral,agree,agree,agree,agree,agree,agree,agree,agree,agree,agree,neutral,agree,agree,agree,agree,agree,agree,agree,agree,agree,agree,Yes,Yes,Yes,No,Yes,Yes,Yes,Yes,Yes,Yes,Yes,Yes,Yes,Yes,Yes,Yes,Yes,Yes,Yes
Complete,5738442,en,2013/07/23 8:40:30 PM,2013/07/23 8:43:56 PM,128.233.4.254,Canada,,c=inbetween,http://fluidsurveys.usask.ca/s/faham/questionnaires/?c=inbetween,,210.0,00:03:26,,,,,21,,,,,,,,,,,,,,,,,,,,,,,,,,,,,,,,,,,,,,,,,,,,,,,,,,3,yes and the gameplay improved,,,,strongly agree,strongly agree,strongly agree,strongly agree,strongly agree,strongly agree,strongly agree,strongly agree,strongly agree,strongly agree,strongly agree,strongly agree,neutral,agree,agree,neutral,agree,neutral,agree,strongly agree,agree,agree,neutral,agree,agree,agree,agree,agree,strongly agree,agree,agree,neutral,neutral,agree,Yes,Yes,Yes,No,Sort of,Yes,Sort of,Yes,Sort of,Yes,Yes,Yes,Yes,Yes,Yes,Yes,Sort of,Yes,Yes
Complete,5738894,en,2013/07/23 9:33:43 PM,2013/07/23 9:41:34 PM,128.233.4.254,Canada,,c=start,http://fluidsurveys.usask.ca/s/faham/questionnaires/?c=start,,143.0,00:07:51,,,,,22,25,Male,Right handedness,Intermediate,Computer Science,a few times per month,1,,1,,1,1,1,1,,,,,,,Multiplayer in the same room,I like it,It's okay,I like it,I like it,I love it,I like it,It's okay,I dislike it,I like it,I like it,It's okay,It's okay,I dislike it,It's okay,I like it,I like it,It's okay,It's okay,I like it,I love it,I love it,5,2,3,7,4,6,1,,,,,,,,,,,,,,,,,,,,,,,,,,,,,,,,,,,,,,,,,,,,,,,,,,,,,,,,,,
Complete,5739133,en,2013/07/23 9:53:33 PM,2013/07/23 10:01:03 PM,128.233.4.254,Canada,,c=inbetween,http://fluidsurveys.usask.ca/s/faham/questionnaires/?c=inbetween,,176.0,00:07:30,,,,,22,,,,,,,,,,,,,,,,,,,,,,,,,,,,,,,,,,,,,,,,,,,,,,,,,,1,I experienced tiredness in my eyes ,,,,strongly agree,agree,agree,neutral,agree,agree,agree,neutral,neutral,disagree,disagree,neutral,strongly disagree,neutral,agree,neutral,agree,agree,agree,agree,disagree,neutral,agree,neutral,agree,neutral,agree,neutral,neutral,neutral,neutral,agree,agree,agree,Yes,Yes,Yes,Sort of,Yes,Sort of,Yes,Yes,Yes,Sort of,Sort of,Yes,Yes,Yes,Yes,No,Sort of,Yes,Yes
Complete,5739232,en,2013/07/23 10:08:12 PM,2013/07/23 10:12:16 PM,128.233.4.254,Canada,,c=inbetween,http://fluidsurveys.usask.ca/s/faham/questionnaires/?c=inbetween,,180.0,00:04:01,,,,,22,,,,,,,,,,,,,,,,,,,,,,,,,,,,,,,,,,,,,,,,,,,,,,,,,,2,,,,,agree,agree,agree,agree,agree,agree,agree,agree,neutral,disagree,disagree,neutral,disagree,neutral,agree,neutral,agree,agree,agree,agree,disagree,neutral,agree,neutral,agree,agree,agree,neutral,agree,neutral,agree,neutral,agree,agree,Yes,Yes,Sort of,Sort of,Yes,Sort of,Yes,Yes,Yes,Sort of,Sort of,Yes,Yes,Yes,Yes,Sort of,No,Yes,Yes
Complete,5739287,en,2013/07/23 10:20:20 PM,2013/07/23 10:24:49 PM,128.233.4.254,Canada,,c=inbetween,http://fluidsurveys.usask.ca/s/faham/questionnaires/?c=inbetween,,177.0,00:04:27,,,,,22,,,,,,,,,,,,,,,,,,,,,,,,,,,,,,,,,,,,,,,,,,,,,,,,,,3,,,,,agree,agree,agree,neutral,agree,agree,agree,neutral,neutral,disagree,neutral,neutral,disagree,neutral,agree,agree,neutral,agree,agree,agree,disagree,neutral,agree,neutral,agree,agree,agree,neutral,agree,neutral,agree,neutral,agree,agree,Yes,Yes,Sort of,Sort of,Sort of,Sort of,Yes,Yes,Yes,Sort of,Sort of,Yes,Yes,Yes,Yes,No,No,Yes,Sort of
Complete,5739349,en,2013/07/23 10:31:04 PM,2013/07/24 5:04:31 PM,128.233.4.254,Canada,,c=inbetween,http://fluidsurveys.usask.ca/s/faham/questionnaires/?c=inbetween,,176.0,00:04:35,,,,,22,,,,,,,,,,,,,,,,,,,,,,,,,,,,,,,,,,,,,,,,,,,,,,,,,,4,I felt game got harder in this step.,,,,agree,agree,agree,neutral,agree,agree,agree,neutral,neutral,neutral,disagree,neutral,disagree,neutral,agree,neutral,disagree,agree,agree,agree,disagree,neutral,agree,neutral,neutral,agree,agree,neutral,agree,neutral,neutral,neutral,agree,agree,Yes,Sort of,Sort of,No,Yes,Sort of,Yes,Yes,Yes,Sort of,Yes,Yes,Yes,Yes,Yes,Sort of,Sort of,Yes,Yes
Complete,5749608,en,2013/07/24 5:05:20 PM,2013/07/24 5:09:15 PM,128.233.4.254,Canada,,c=start,http://fluidsurveys.usask.ca/s/faham/questionnaires/?c=start,,129.0,00:03:55,,,,,23,28,Male,Right handedness,Intermediate,Physiology,a few times per week,1,,,,1,1,1,1,,,,,,,Multiplayer over the Internet,I love it,It's okay,I like it,I like it,I love it,I like it,I love it,I like it,I like it,I like it,I like it,I love it,I like it,I love it,I dislike it,I like it,I dislike it,I like it,I like it,I like it,I love it,6,1,2,3,5,4,7,,,,,,,,,,,,,,,,,,,,,,,,,,,,,,,,,,,,,,,,,,,,,,,,,,,,,,,,,,
Complete,5749726,en,2013/07/24 5:16:36 PM,2013/07/24 5:21:37 PM,128.233.4.254,Canada,,c=inbetween,http://fluidsurveys.usask.ca/s/faham/questionnaires/?c=inbetween,,177.0,00:05:01,,,,,23,,,,,,,,,,,,,,,,,,,,,,,,,,,,,,,,,,,,,,,,,,,,,,,,,,2,The movements were slower as I took damage from the enemies. ,,,,agree,neutral,neutral,agree,disagree,agree,agree,disagree,neutral,neutral,disagree,agree,disagree,strongly agree,agree,neutral,agree,agree,agree,strongly agree,agree,agree,agree,neutral,neutral,neutral,agree,strongly agree,disagree,agree,agree,agree,neutral,agree,Yes,Yes,No,No,Sort of,Sort of,Yes,Yes,Yes,Yes,No,Yes,Yes,Sort of,Yes,Sort of,Sort of,Yes,Sort of
Complete,5749878,en,2013/07/24 5:30:32 PM,2013/07/24 5:36:02 PM,128.233.4.254,Canada,,c=inbetween,http://fluidsurveys.usask.ca/s/faham/questionnaires/?c=inbetween,,185.0,00:05:29,,,,,23,,,,,,,,,,,,,,,,,,,,,,,,,,,,,,,,,,,,,,,,,,,,,,,,,,3,The gameplay seemed normal at the begining and felt so until I died the first time where one hit killed me. I changed my style of gameplay to be more aggressive by firing the weapons more and aiming for the head. Think I performed better knowing one hit from the enemy killed me. ,,,,agree,neutral,agree,neutral,agree,strongly agree,agree,agree,neutral,disagree,neutral,agree,disagree,strongly agree,neutral,neutral,neutral,agree,neutral,strongly agree,strongly agree,strongly agree,agree,neutral,neutral,agree,neutral,strongly agree,neutral,agree,agree,agree,neutral,strongly agree,Yes,Yes,No,Yes,Sort of,Sort of,Sort of,Sort of,Yes,Yes,No,Yes,Yes,Sort of,Yes,Sort of,Yes,Yes,Sort of
Complete,5750052,en,2013/07/24 5:45:36 PM,2013/07/24 5:51:34 PM,128.233.4.254,Canada,,c=inbetween,http://fluidsurveys.usask.ca/s/faham/questionnaires/?c=inbetween,,171.0,00:05:58,,,,,23,,,,,,,,,,,,,,,,,,,,,,,,,,,,,,,,,,,,,,,,,,,,,,,,,,4,Notices there was fog creeping in around me and had to use the flashlight a few times until I adapted to playing in the fog. Also used more ammo this round and held the trigger/mouse down longer. \n\nThink I performed better after I died the first time knowing what it takes to die. ,,,,agree,neutral,neutral,disagree,neutral,agree,agree,neutral,disagree,disagree,agree,agree,disagree,strongly agree,neutral,neutral,neutral,neutral,neutral,strongly agree,agree,agree,neutral,neutral,neutral,neutral,neutral,strongly agree,agree,agree,agree,strongly agree,neutral,strongly agree,Sort of,Sort of,No,No,Sort of,Sort of,No,Sort of,Sort of,Yes,No,Yes,Yes,Sort of,Yes,Yes,Sort of,Sort of,Sort of
Complete,5750223,en,2013/07/24 5:58:45 PM,2013/07/24 6:04:14 PM,128.233.4.254,Canada,,c=inbetween,http://fluidsurveys.usask.ca/s/faham/questionnaires/?c=inbetween,,179.0,00:05:28,,,,,23,,,,,,,,,,,,,,,,,,,,,,,,,,,,,,,,,,,,,,,,,,,,,,,,,,1,"Did not notice a lot of changes between this condition, it did seem about the same difficulty with many more enemies than the others. There was sense of being overwhelmed at one point. \n\nI didn't really change my gameplay much from the last condition, still fired the weapon a lot and used grenades. ",,,,agree,agree,neutral,neutral,neutral,agree,agree,neutral,neutral,disagree,agree,neutral,disagree,strongly agree,neutral,agree,neutral,neutral,agree,strongly agree,strongly agree,strongly agree,neutral,agree,neutral,neutral,neutral,strongly agree,agree,agree,neutral,agree,neutral,strongly agree,Yes,Yes,Sort of,No,Sort of,Yes,No,Sort of,Yes,Yes,Yes,Yes,Yes,No,Yes,Sort of,Sort of,Yes,Sort of
Complete,5752884,en,2013/07/24 7:33:26 PM,2013/07/24 7:37:38 PM,128.233.4.254,Canada,,c=start,http://fluidsurveys.usask.ca/s/faham/questionnaires/?c=start,,108.0,00:04:12,,,,,24,31,Male,Right handedness,Advanced,Business,a few times per week,1,,,,1,,,,,,,I'm an expert,I'm an expert,,Team/Cooperative play or clan play over the Internet,I like it,I dislike it,I like it,It's okay,I love it,I love it,I like it,I love it,I like it,I like it,I like it,I love it,I love it,I like it,I like it,I like it,I love it,I love it,I love it,I like it,I love it,6,3,7,4,2,1,5,,,,,,,,,,,,,,,,,,,,,,,,,,,,,,,,,,,,,,,,,,,,,,,,,,,,,,,,,,
Complete,5753071,en,2013/07/24 7:46:00 PM,2013/07/24 7:51:03 PM,128.233.4.254,Canada,,c=inbetween,http://fluidsurveys.usask.ca/s/faham/questionnaires/?c=inbetween,,149.0,00:05:00,,,,,24,,,,,,,,,,,,,,,,,,,,,,,,,,,,,,,,,,,,,,,,,,,,,,,,,,3,I started using the grenades more as more zombies were released,,,,neutral,neutral,neutral,neutral,neutral,neutral,neutral,neutral,neutral,agree,neutral,agree,disagree,agree,neutral,disagree,neutral,disagree,neutral,agree,neutral,neutral,disagree,disagree,disagree,neutral,neutral,agree,neutral,neutral,disagree,disagree,agree,agree,No,Yes,No,No,Sort of,No,Sort of,No,Sort of,Sort of,Sort of,Yes,Yes,No,Yes,Sort of,No,Sort of,No
Complete,5753238,en,2013/07/24 7:58:35 PM,2013/07/24 8:02:53 PM,128.233.4.254,Canada,,c=inbetween,http://fluidsurveys.usask.ca/s/faham/questionnaires/?c=inbetween,,151.0,00:04:15,,,,,24,,,,,,,,,,,,,,,,,,,,,,,,,,,,,,,,,,,,,,,,,,,,,,,,,,4,"Ran back more, used grenades more, used healthpacks more",,,,disagree,neutral,neutral,agree,agree,neutral,neutral,neutral,neutral,disagree,neutral,neutral,neutral,neutral,neutral,disagree,neutral,disagree,neutral,agree,agree,neutral,neutral,disagree,disagree,neutral,disagree,agree,neutral,neutral,neutral,disagree,agree,agree,Sort of,Yes,Yes,No,No,Sort of,Sort of,No,Sort of,No,Sort of,Yes,Sort of,No,Yes,Sort of,No,Sort of,Sort of
Complete,5753353,en,2013/07/24 8:10:48 PM,2013/07/24 8:15:08 PM,128.233.4.254,Canada,,c=inbetween,http://fluidsurveys.usask.ca/s/faham/questionnaires/?c=inbetween,,152.0,00:04:20,,,,,24,,,,,,,,,,,,,,,,,,,,,,,,,,,,,,,,,,,,,,,,,,,,,,,,,,1,"moved around much faster, used grenades, shot more at the headcrabs.",,,,neutral,neutral,disagree,agree,agree,disagree,neutral,agree,neutral,disagree,neutral,neutral,neutral,agree,agree,disagree,agree,neutral,neutral,agree,disagree,agree,neutral,disagree,disagree,disagree,neutral,agree,neutral,agree,disagree,disagree,agree,agree,No,Yes,Sort of,Sort of,No,Sort of,Yes,Sort of,No,No,Sort of,Yes,Sort of,Sort of,Yes,Sort of,Yes,Sort of,No
Complete,5753485,en,2013/07/24 8:23:26 PM,2013/07/25 6:06:02 PM,128.233.4.254,Canada,,c=inbetween,http://fluidsurveys.usask.ca/s/faham/questionnaires/?c=inbetween,,151.0,00:03:46,,,,,24,,,,,,,,,,,,,,,,,,,,,,,,,,,,,,,,,,,,,,,,,,,,,,,,,,2,"faster movements, more health packs, trying to keep zombies in front of me",,,,disagree,neutral,neutral,disagree,agree,neutral,disagree,agree,agree,disagree,neutral,disagree,disagree,agree,neutral,disagree,neutral,disagree,neutral,agree,agree,agree,neutral,disagree,disagree,disagree,neutral,agree,neutral,agree,disagree,disagree,agree,agree,Sort of,Yes,Sort of,No,No,Sort of,Sort of,Sort of,Sort of,No,Sort of,Yes,Yes,Sort of,Yes,Yes,Sort of,Sort of,No
Complete,5822617,en,2013/07/25 6:06:11 PM,2013/07/25 6:11:04 PM,128.233.4.254,Canada,,c=start,http://fluidsurveys.usask.ca/s/faham/questionnaires/?c=start,,135.0,00:04:52,,,,,25,22,Male,Right handedness,Advanced,Chemical Engineering,every day,1,1,1,1,1,1,,1,,,,,I'm an expert,,Multiplayer in the same room,I love it,It's okay,I love it,It's okay,I love it,I love it,I dislike it,I like it,I love it,I like it,It's okay,I love it,I like it,I dislike it,I like it,I like it,I dislike it,I like it,I like it,I love it,It's okay,6,1,3,5,4,7,2,,,,,,,,,,,,,,,,,,,,,,,,,,,,,,,,,,,,,,,,,,,,,,,,,,,,,,,,,,
Complete,5822760,en,2013/07/25 6:22:15 PM,2013/07/25 6:30:14 PM,128.233.4.254,Canada,,c=inbetween,http://fluidsurveys.usask.ca/s/faham/questionnaires/?c=inbetween,,167.0,00:07:57,,,,,25,,,,,,,,,,,,,,,,,,,,,,,,,,,,,,,,,,,,,,,,,,,,,,,,,,4,Familiarity with HL2 made getting accustomed easier than with a different game.\n\nThe point spawning was surprising compared to games where mobs would have an entrance like climbing over a fence. Made it so that no point was particularly defensible. I noticed my heart jump a bit when Unexpectedly hit from behind from a new spawn.,,,,agree,neutral,neutral,agree,neutral,strongly agree,neutral,agree,agree,disagree,agree,agree,strongly disagree,agree,agree,neutral,agree,strongly disagree,strongly agree,strongly agree,neutral,strongly agree,agree,neutral,agree,neutral,disagree,strongly agree,disagree,agree,agree,neutral,strongly agree,strongly agree,No,No,Yes,Sort of,No,No,No,No,Sort of,Sort of,Yes,No,Yes,No,No,Sort of,No,Sort of,No
Complete,5823058,en,2013/07/25 6:36:08 PM,2013/07/25 6:40:50 PM,128.233.4.254,Canada,,c=inbetween,http://fluidsurveys.usask.ca/s/faham/questionnaires/?c=inbetween,,162.0,00:04:42,,,,,25,,,,,,,,,,,,,,,,,,,,,,,,,,,,,,,,,,,,,,,,,,,,,,,,,,1,"Given more map familiarity, I located a defensible position which I think increased performance. I am not sure if I noticed what difference the condition made.",,,,agree,agree,agree,disagree,agree,agree,neutral,disagree,disagree,disagree,agree,strongly agree,disagree,agree,agree,neutral,agree,disagree,agree,strongly agree,agree,strongly agree,neutral,agree,neutral,disagree,neutral,strongly agree,agree,agree,disagree,neutral,agree,strongly agree,Sort of,No,Yes,No,No,No,No,No,Sort of,Sort of,Sort of,Sort of,Yes,No,No,Yes,No,Yes,Sort of
Complete,5823166,en,2013/07/25 6:49:19 PM,2013/07/25 6:55:12 PM,128.233.4.254,Canada,,c=inbetween,http://fluidsurveys.usask.ca/s/faham/questionnaires/?c=inbetween,,158.0,00:05:52,,,,,25,,,,,,,,,,,,,,,,,,,,,,,,,,,,,,,,,,,,,,,,,,,,,,,,,,2,"I noticed the command prompt changing the movement speed, and initially I thought is was only decreasing so it made me want to stop moving.\n\nWhen I noticed it going back up I took it as an opportunity to move around a bit.\n\nBeing the 3rd time playing the game, I found it easier to expect what could happen making it much easier to survive.\n\nSince last game I died to my blind spot, this time I checked it every 8 seconds like a rear view check while driving to make sure I would not get flanked.",,,,agree,agree,agree,neutral,agree,agree,neutral,neutral,disagree,disagree,agree,agree,disagree,strongly agree,agree,agree,agree,disagree,agree,strongly agree,disagree,strongly agree,neutral,agree,disagree,disagree,disagree,strongly agree,agree,strongly agree,strongly disagree,disagree,agree,strongly agree,Sort of,No,Sort of,No,No,No,Sort of,No,Sort of,No,Sort of,No,Yes,No,No,Yes,No,Yes,No
Complete,5824161,en,2013/07/25 6:59:31 PM,2013/07/25 7:05:55 PM,128.233.4.254,Canada,,c=inbetween,http://fluidsurveys.usask.ca/s/faham/questionnaires/?c=inbetween,,173.0,00:06:07,,,,,25,,,,,,,,,,,,,,,,,,,,,,,,,,,,,,,,,,,,,,,,,,,,,,,,,,3,"Now that I had noticed the command prompt last game, I was now checking it for updates to the game mechanics. I noticed that the zombie speed was being altered and assumed that I would eventually get rushed.\n\nI feel my performance worsened given that I died. It was harder to deal with a change to the enemy's profile than one to my own.\n\nI had quite a surprise when the speed was set to 3.33 and a guy was in my face immediately.",,,,agree,agree,agree,agree,agree,agree,agree,agree,neutral,disagree,agree,neutral,disagree,agree,agree,neutral,neutral,disagree,agree,strongly agree,neutral,agree,agree,agree,agree,disagree,disagree,strongly agree,agree,strongly agree,agree,neutral,agree,strongly agree,Sort of,No,Yes,Sort of,Sort of,No,Sort of,No,Sort of,Yes,Sort of,No,Yes,No,No,Yes,No,Yes,No
Complete,5825407,en,2013/07/25 7:44:55 PM,2013/07/25 7:49:55 PM,128.233.4.254,Canada,,c=start,http://fluidsurveys.usask.ca/s/faham/questionnaires/?c=start,,138.0,00:04:59,,,,,26,24,Male,Right handedness,Intermediate,BFA Acting,a few times per week,1,1,1,1,1,,1,1,,,,I'm an expert,I'm an expert,,Multiplayer in the same room,I love it,I like it,It's okay,I like it,I like it,I like it,I dislike it,I like it,I like it,I love it,I like it,I love it,I like it,I dislike it,It's okay,I like it,I like it,I like it,I like it,I like it,It's okay,6,2,1,3,7,5,4,,,,,,,,,,,,,,,,,,,,,,,,,,,,,,,,,,,,,,,,,,,,,,,,,,,,,,,,,,
Complete,5825543,en,2013/07/25 7:59:05 PM,2013/07/25 8:05:09 PM,128.233.4.254,Canada,,c=inbetween,http://fluidsurveys.usask.ca/s/faham/questionnaires/?c=inbetween,,178.0,00:06:03,,,,,26,,,,,,,,,,,,,,,,,,,,,,,,,,,,,,,,,,,,,,,,,,,,,,,,,,1,,,,,agree,neutral,agree,strongly agree,neutral,agree,agree,agree,agree,neutral,neutral,disagree,strongly disagree,agree,agree,neutral,agree,disagree,agree,agree,disagree,agree,agree,neutral,neutral,neutral,disagree,strongly agree,agree,agree,agree,disagree,agree,agree,Yes,Sort of,Sort of,Yes,Yes,Sort of,Yes,Yes,Yes,Sort of,Yes,Yes,Yes,Sort of,Yes,No,Yes,Yes,Yes
Complete,5825656,en,2013/07/25 8:12:14 PM,2013/07/25 8:16:45 PM,128.233.4.254,Canada,,c=inbetween,http://fluidsurveys.usask.ca/s/faham/questionnaires/?c=inbetween,,184.0,00:04:30,,,,,26,,,,,,,,,,,,,,,,,,,,,,,,,,,,,,,,,,,,,,,,,,,,,,,,,,2,"I noticed that around Round 2 or 3 that my movement speed (not aiming sensitivity, just character movement) increased dramatically. It was difficult to get used to, but ultimately it did help gameplay.",,,,agree,agree,strongly agree,strongly agree,agree,agree,agree,strongly agree,agree,disagree,disagree,strongly disagree,strongly disagree,agree,agree,agree,neutral,neutral,agree,strongly agree,strongly disagree,agree,agree,agree,agree,neutral,neutral,strongly agree,strongly agree,agree,agree,neutral,neutral,agree,Yes,Yes,Yes,Yes,Yes,Sort of,Yes,Yes,Yes,Sort of,Yes,Yes,Yes,No,Yes,No,No,Yes,Yes
Complete,5825792,en,2013/07/25 8:26:28 PM,2013/07/25 8:29:48 PM,128.233.4.254,Canada,,c=inbetween,http://fluidsurveys.usask.ca/s/faham/questionnaires/?c=inbetween,,197.0,00:03:19,,,,,26,,,,,,,,,,,,,,,,,,,,,,,,,,,,,,,,,,,,,,,,,,,,,,,,,,3,Felt just like Condition 1 (movement speed was normal again).,,,,agree,strongly agree,strongly agree,strongly agree,agree,agree,agree,strongly agree,agree,disagree,agree,disagree,strongly disagree,strongly agree,agree,agree,disagree,neutral,agree,strongly agree,agree,strongly agree,strongly agree,agree,agree,neutral,neutral,strongly agree,strongly agree,agree,agree,agree,neutral,strongly agree,Yes,Yes,Yes,Sort of,Yes,Sort of,Yes,Yes,Sort of,Sort of,Yes,Yes,Yes,No,Yes,No,Yes,Yes,Yes
Complete,5825900,en,2013/07/25 8:42:49 PM,2013/07/25 8:46:51 PM,128.233.4.254,Canada,,c=inbetween,http://fluidsurveys.usask.ca/s/faham/questionnaires/?c=inbetween,,183.0,00:04:01,,,,,26,,,,,,,,,,,,,,,,,,,,,,,,,,,,,,,,,,,,,,,,,,,,,,,,,,4,"At round 3 it got foggy and then round 4 got even foggier. This made it difficult to see at long ranges, but ultimately this only was a minor hindrance to gameplay since round 3 and 4 are easy compared to round 5.",,,,agree,agree,agree,agree,agree,agree,agree,agree,agree,disagree,neutral,disagree,disagree,strongly agree,neutral,disagree,neutral,neutral,agree,strongly agree,disagree,strongly agree,agree,disagree,agree,neutral,neutral,agree,agree,agree,neutral,neutral,neutral,strongly agree,Sort of,Yes,Sort of,Sort of,Yes,Sort of,Yes,Yes,Yes,Sort of,Yes,Yes,Yes,No,Yes,Sort of,Yes,Yes,Yes
